,Unnamed: 0,sentence,trigger1,trigger2,tag,label
0,0,"The government passed a law to increase funding for public education, in an effort to improve educational outcomes.",passed,improve,0 0 intention 0 0 0 0 0 0 0 0 0 0 0 0 effect 0 0 0 0,intend
1,1,"The government passed a law to increase funding for infrastructure projects, in an effort to create jobs and stimulate economic growth.",passed,create,0 0 intention 0 0 0 0 0 0 0 0 0 0 0 0 effect 0 0 0 0 0 0 0,intend
2,2,"The government passed a law to increase funding for research and development, in an effort to promote technological innovation.",passed,promote,0 0 intention 0 0 0 0 0 0 0 0 0 0 0 0 0 effect 0 0 0 0,intend
3,3,"The government passed a law to increase funding for renewable energy projects, in an effort to reduce carbon emissions and combat climate change.",passed,reduce,0 0 intention 0 0 0 0 0 0 0 0 0 0 0 0 0 effect 0 0 0 0 0 0 0 0,intend
4,4,"The government passed a law to increase funding for social services, in an effort to reduce poverty and inequality.",passed,reduce,0 0 intention 0 0 0 0 0 0 0 0 0 0 0 0 effect 0 0 0 0 0,intend
5,5,"The government passed a law to increase funding for public safety initiatives, in an effort to reduce crime and improve public safety.",passed,improve,0 0 intention 0 0 0 0 0 0 0 0 0 0 0 0 0 0 0 0 effect 0 0 0 0,intend
6,6,The United Nations Security Council voted unanimously to impose economic sanctions on Iraq in response to its invasion of Kuwait.,voted,impose,0 0 0 0 0 intention 0 0 effect 0 0 0 0 0 0 0 0 0 0 0 0,intend
7,7,"The government is introducing a new law to protect the rights of indigenous peoples, in an effort to promote cultural diversity and respect for traditional ways of life.",introducing,promote,0 0 0 intention 0 0 0 0 0 0 0 0 0 0 0 0 0 0 effect 0 0 0 0 0 0 0 0 0 0 0,intend
8,8,"The government is introducing a new law to protect the rights of refugees, in an effort to ensure safe and dignified living conditions.",introducing,ensure,0 0 0 intention 0 0 0 0 0 0 0 0 0 0 0 0 0 effect 0 0 0 0 0 0 0,intend
9,9,"The government is introducing a new law to protect the rights of women, in an effort to promote gender equality and combat discrimination.",introducing,promote,0 0 0 intention 0 0 0 0 0 0 0 0 0 0 0 0 0 effect 0 0 0 0 0 0 0,intend
10,10,"The government is introducing a new law to protect the rights of children, in an effort to ensure their safety and well-being.",Introducing,ensure,0 0 0 intention 0 0 0 0 0 0 0 0 0 0 0 0 0 effect 0 0 0 0 0 0 0 0,intend
11,11,"The government is introducing a new law to protect the rights of immigrants, in an effort to promote integration and cultural understanding.",Introducing,Promote,0 0 0 intention 0 0 0 0 0 0 0 0 0 0 0 0 0 effect 0 0 0 0 0 0,intend
12,12,"The government has passed a law to increase the minimum wage, in an effort to reduce poverty and improve living standards.",passed,reduce,0 0 0 intention 0 0 0 0 0 0 0 0 0 0 0 effect 0 0 0 0 0 0 0,intend
13,13,"The government has implemented a new policy to provide free education to all citizens, in an effort to promote economic growth and social development.",implemented,promote,0 0 0 intention 0 0 0 0 0 0 0 0 0 0 0 0 0 0 effect 0 0 0 0 0 0 0,intend
14,14,"The government has passed a law to protect the environment, in an effort to reduce pollution and conserve natural resources.",passed,reduce,0 0 0 intention 0 0 0 0 0 0 0 0 0 0 effect 0 0 0 0 0 0 0,intend
15,15,"The government has implemented a new policy to provide subsidies to farmers, in an effort to increase agricultural production and reduce food prices.",implemented,increase,0 0 0 intention 0 0 0 0 0 0 0 0 0 0 0 0 effect 0 0 0 0 0 0 0 0,intend
16,16,The government introduced a new law to protect the rights of Indigenous peoples in an effort to recognize their sovereignty.,introduced,recognize,0 0 intention 0 0 0 0 0 0 0 0 0 0 0 0 0 0 effect 0 0 0,intend
17,17,The government introduced a new law to protect the rights of religious minorities in an effort to promote religious freedom.,introduced,promote,0 0 intention 0 0 0 0 0 0 0 0 0 0 0 0 0 0 effect 0 0 0,intend
18,18,The government introduced a new law to protect the rights of workers in an effort to ensure fair wages and safe working conditions.,introduced,ensure,0 0 intention 0 0 0 0 0 0 0 0 0 0 0 0 0 effect 0 0 0 0 0 0 0,intend
19,19,The government introduced a new law to protect the rights of consumers in an effort to promote fair trade and competition.,introduced,promote,0 0 intention 0 0 0 0 0 0 0 0 0 0 0 0 0 effect 0 0 0 0 0,intend
20,20,The government introduced a new law to protect the rights of the environment in an effort to reduce pollution and conserve natural resources.,introduced,reduce,0 0 intention 0 0 0 0 0 0 0 0 0 0 0 0 0 0 effect 0 0 0 0 0 0,intend
21,21,"The government has implemented a new policy to reduce the cost of college tuition, in an effort to make higher education more accessible.",implemented,make,0 0 0 intention 0 0 0 0 0 0 0 0 0 0 0 0 0 0 effect 0 0 0 0 0 0,intend
22,22,"The government has passed a law to protect the rights of workers and ensure fair wages, in an effort to reduce income inequality.",passed,reduce,0 0 0 intention 0 0 0 0 0 0 0 0 0 0 0 0 0 0 0 0 effect 0 0 0 0,intend
23,23,"The government has introduced a new program to provide job training and employment opportunities for veterans, in an effort to reduce unemployment.",introduced,reduce,0 0 0 intention 0 0 0 0 0 0 0 0 0 0 0 0 0 0 0 0 effect 0 0 0,intend
24,24,"The government has passed a law to increase the availability of healthcare services, in an effort to improve public health.",passed,improve,0 0 0 intention 0 0 0 0 0 0 0 0 0 0 0 0 0 effect 0 0 0 0,intend
25,25,"The government has implemented a new policy to reduce the cost of prescription drugs, in an effort to make healthcare more affordable.",implemented,make,0 0 0 intention 0 0 0 0 0 0 0 0 0 0 0 0 0 0 effect 0 0 0 0 0,intend
26,26,The president proposed a new tax plan that would reduce taxes for the middle class and increase taxes for the wealthy.,Tax,Reduce,0 0 0 0 0 intention 0 0 0 effect 0 0 0 0 0 0 0 0 0 0 0 0,intend
27,27,The United Nations passed a resolution calling for an end to the conflict in the Middle East.,Resolution,End,0 0 0 0 0 intention 0 0 0 effect 0 0 0 0 0 0 0 0,intend
28,28,The Senate passed a bill to increase funding for public education.,bill,Increase,0 0 0 0 intention 0 effect 0 0 0 0 0,intend
29,29,The House of Representatives passed a bill to provide tax relief for small businesses.,bill,Relief,0 0 0 0 0 0 intention 0 0 0 effect 0 0 0 0,intend
30,30,The president signed an executive order to protect the environment from pollution.,Order,Protect,0 0 0 0 0 intention 0 effect 0 0 0 0 0,intend
31,31,The government announced a new policy to reduce carbon emissions.,Policy,Reduce,0 0 0 0 0 intention 0 effect 0 0 0,intend
32,32,The government passed a new law to protect the rights of immigrants in an effort to promote diversity.,passed,promote,0 0 intention 0 0 0 0 0 0 0 0 0 0 0 0 0 effect 0 0,intend
33,33,The government passed a new law to protect the rights of women in an effort to promote gender equality.,passed,promote,0 0 intention 0 0 0 0 0 0 0 0 0 0 0 0 0 effect 0 0 0,intend
34,34,The government passed a new law to protect the rights of LGBTQ+ individuals in an effort to promote acceptance.,passed,promote,0 0 intention 0 0 0 0 0 0 0 0 0 0 0 0 0 0 effect 0 0,intend
35,35,The government passed a new law to protect the rights of disabled persons in an effort to promote inclusion.,passed,promote,0 0 intention 0 0 0 0 0 0 0 0 0 0 0 0 0 0 effect 0 0,intend
36,36,The government passed a new law to protect the rights of children in an effort to promote their welfare.,passed,promote,0 0 intention 0 0 0 0 0 0 0 0 0 0 0 0 0 effect 0 0 0,intend
37,37,The government passed a new law to protect the rights of the elderly in an effort to ensure their dignity.,passed,ensure,0 0 intention 0 0 0 0 0 0 0 0 0 0 0 0 0 0 effect 0 0 0,intend
38,38,"The government has passed a law to increase the minimum wage, in an effort to reduce poverty and inequality.",passed,reduce,0 0 0 intention 0 0 0 0 0 0 0 0 0 0 0 effect 0 0 0 0 0,intend
39,39,"The government has passed a law to increase access to healthcare, in an effort to improve public health and reduce health disparities.",passed,improve,0 0 0 intention 0 0 0 0 0 0 0 0 0 0 0 effect 0 0 0 0 0 0 0 0,intend
40,40,"The government has passed a law to increase access to education, in an effort to reduce educational disparities and promote economic growth.",passed,reduce,0 0 0 intention 0 0 0 0 0 0 0 0 0 0 0 effect 0 0 0 0 0 0 0 0,intend
41,41,"The government has passed a law to increase access to housing, in an effort to reduce homelessness and improve living conditions.",passed,reduce,0 0 0 intention 0 0 0 0 0 0 0 0 0 0 0 effect 0 0 0 0 0 0 0,intend
42,42,"The government has passed a law to increase access to public transportation, in an effort to reduce traffic congestion and improve air quality.",passed,reduce,0 0 0 intention 0 0 0 0 0 0 0 0 0 0 0 0 effect 0 0 0 0 0 0 0 0,intend
43,43,"The government is introducing a new law to protect the rights of immigrants, in an effort to ensure fair treatment and access to services.",introducing,ensure,0 0 0 intention 0 0 0 0 0 0 0 0 0 0 0 0 0 effect 0 0 0 0 0 0 0 0,intend
44,44,"The government is introducing a new law to protect the rights of indigenous peoples, in an effort to promote cultural diversity and respect for traditional knowledge.",introducing,promote,0 0 0 intention 0 0 0 0 0 0 0 0 0 0 0 0 0 0 effect 0 0 0 0 0 0 0 0 0,intend
45,45,"The government is introducing a new law to protect the rights of women, in an effort to ensure gender equality and access to justice.",introducing,ensure,0 0 0 intention 0 0 0 0 0 0 0 0 0 0 0 0 0 effect 0 0 0 0 0 0 0 0,intend
46,46,"The government is introducing a new law to protect the rights of the disabled, in an effort to ensure access to services and equal opportunities.",introducing,ensure,0 0 0 intention 0 0 0 0 0 0 0 0 0 0 0 0 0 0 effect 0 0 0 0 0 0 0 0,intend
47,47,"The government is introducing a new law to protect the rights of LGBTQ+ individuals, in an effort to promote acceptance and inclusion.",introducing,promote,0 0 0 intention 0 0 0 0 0 0 0 0 0 0 0 0 0 0 effect 0 0 0 0 0,intend
48,48,The government passed a law to protect the rights of refugees and promote their integration into society.,passed,protect,0 0 intention 0 0 0 effect 0 0 0 0 0 0 0 0 0 0 0,intend
49,49,The government passed a law to protect the rights of religious minorities and promote religious tolerance.,passed,promote,0 0 intention 0 0 0 0 0 0 0 0 0 0 effect 0 0 0,intend
50,50,The government passed a law to protect the rights of LGBTQ+ individuals and promote equality.,passed,protect,0 0 intention 0 0 0 effect 0 0 0 0 0 0 0 0 0,intend
51,51,The government passed a law to protect the rights of victims of human trafficking and promote their rehabilitation.,passed,promote,0 0 intention 0 0 0 0 0 0 0 0 0 0 0 0 effect 0 0 0,intend
52,52,The government passed a law to protect the rights of victims of domestic violence and promote their safety.,passed,protect,0 0 intention 0 0 0 effect 0 0 0 0 0 0 0 0 0 0 0 0,intend
53,53,The government passed a law to protect the rights of victims of hate crimes and promote justice.,passed,promote,0 0 intention 0 0 0 0 0 0 0 0 0 0 0 0 effect 0 0,intend
54,54,The government passed a law to increase access to public transportation in an effort to reduce air pollution.,passed,increase,0 0 intention 0 0 0 effect 0 0 0 0 0 0 0 0 0 0 0 0,intend
55,55,The government passed a law to increase access to affordable housing in an effort to reduce homelessness.,passed,reduce,0 0 intention 0 0 0 0 0 0 0 0 0 0 0 0 effect 0 0,intend
56,56,The government passed a law to increase access to financial services in an effort to reduce poverty.,passed,reduce,0 0 intention 0 0 0 0 0 0 0 0 0 0 0 0 effect 0 0,intend
57,57,The government passed a law to increase the availability of affordable housing and reduce homelessness.,passed,increase,0 0 intention 0 0 0 effect 0 0 0 0 0 0 0 0 0,intend
58,58,The government passed a law to increase access to mental health services and reduce stigma.,passed,reduce,0 0 intention 0 0 0 0 0 0 0 0 0 0 effect 0 0,intend
59,59,The government passed a law to increase access to clean water and reduce water pollution.,passed,reduce,0 0 intention 0 0 0 0 0 0 0 0 0 effect 0 0 0,intend
60,60,The government passed a law to increase access to public transportation and reduce traffic congestion.,passed,reduce,0 0 intention 0 0 0 0 0 0 0 0 0 effect 0 0 0,intend
61,61,The government passed a law to increase access to renewable energy sources and reduce reliance on fossil fuels.,passed,reduce,0 0 intention 0 0 0 0 0 0 0 0 0 0 effect 0 0 0 0 0,intend
62,62,The government passed a law to increase access to financial services and reduce financial exclusion.,passed,reduce,0 0 intention 0 0 0 0 0 0 0 0 0 effect 0 0 0,intend
63,63,The government passed a law to increase access to broadband internet and reduce the digital divide.,passed,reduce,0 0 intention 0 0 0 0 0 0 0 0 0 effect 0 0 0 0,intend
64,64,The government passed a law to increase access to job training and reduce unemployment.,passed,reduce,0 0 intention 0 0 0 0 0 0 0 0 0 effect 0 0,intend
65,65,The government passed a law to increase access to healthy food and reduce food insecurity.,passed,reduce,0 0 intention 0 0 0 0 0 0 0 0 0 effect 0 0 0,intend
66,66,The United Nations passed a resolution to impose economic sanctions on North Korea in an effort to pressure the government to end its nuclear weapons program.,passed,pressure,0 0 0 intention 0 0 0 0 0 0 0 0 0 0 0 0 0 effect 0 0 0 0 0 0 0 0 0,intend
67,67,The United States passed a law to impose sanctions on Russia in an effort to pressure the government to end its interference in Ukraine.,passed,pressure,0 0 0 intention 0 0 0 0 0 0 0 0 0 0 0 effect 0 0 0 0 0 0 0 0 0,intend
68,68,The United Nations passed a resolution to impose an arms embargo on Syria in an effort to pressure the government to end its civil war.,passed,pressure,0 0 0 intention 0 0 0 0 0 0 0 0 0 0 0 0 0 effect 0 0 0 0 0 0 0 0,intend
69,69,The United States passed a law to impose sanctions on Venezuela in an effort to pressure the government to end its human rights abuses.,passed,pressure,0 0 0 intention 0 0 0 0 0 0 0 0 0 0 0 effect 0 0 0 0 0 0 0 0 0,intend
70,70,The United Nations passed a resolution to impose an arms embargo on Libya in an effort to pressure the government to end its civil war.,passed,pressure,0 0 0 intention 0 0 0 0 0 0 0 0 0 0 0 0 0 effect 0 0 0 0 0 0 0 0,intend
71,71,The United States passed a law to impose sanctions on Iran in an effort to pressure the government to end its nuclear weapons program.,passed,end,0 0 0 intention 0 0 0 0 0 0 0 0 0 0 0 0 0 0 0 effect 0 0 0 0 0,intend
72,72,The government introduced a new program to provide incentives for businesses to hire more workers.,introduced,hire,0 0 intention 0 0 0 0 0 0 0 0 0 effect 0 0 0,intend
73,73,The government introduced a new program to provide incentives for businesses to invest in renewable energy sources.,introduced,invest,0 0 intention 0 0 0 0 0 0 0 0 0 effect 0 0 0 0 0,intend
74,74,The government introduced a new program to provide incentives for businesses to invest in green technology.,introduced,invest,0 0 intention 0 0 0 0 0 0 0 0 0 effect 0 0 0 0,intend
75,75,The government introduced a new program to provide incentives for businesses to invest in infrastructure projects.,introduced,invest,0 0 intention 0 0 0 0 0 0 0 0 0 effect 0 0 0 0,intend
76,76,The government launched a new initiative to promote economic growth and job creation.,launched,promote,0 0 intention 0 0 0 0 effect 0 0 0 0 0 0,intend
77,77,The government launched a new initiative to promote environmental sustainability.,launched,sustainability,0 0 intention 0 0 0 0 0 0 effect 0,intend
78,78,The government launched a new initiative to promote gender equality.,launched,promote,0 0 intention 0 0 0 0 effect 0 0 0,intend
79,79,The government launched a new initiative to promote access to education.,launched,access,0 0 intention 0 0 0 0 0 effect 0 0 0,intend
80,80,The government launched a new initiative to promote access to healthcare.,launched,access,0 0 intention 0 0 0 0 0 effect 0 0 0,intend
81,81,The government passed a law to increase access to education in an effort to reduce illiteracy.,passed,reduce,0 0 intention 0 0 0 0 0 0 0 0 0 0 0 effect 0 0,intend
82,82,The government passed a law to increase access to healthcare in an effort to reduce infant mortality.,passed,reduce,0 0 intention 0 0 0 0 0 0 0 0 0 0 0 effect 0 0 0,intend
83,83,The government passed a law to increase access to childcare in an effort to reduce child poverty.,passed,reduce,0 0 intention 0 0 0 0 0 0 0 0 0 0 0 effect 0 0 0,intend
84,84,The government passed a law to increase access to financial literacy programs in an effort to promote economic stability.,passed,promote,0 0 intention 0 0 0 0 0 0 0 0 0 0 0 0 0 effect 0 0 0,intend
85,85,The government passed a law to increase access to mental health services in an effort to reduce stigma and improve public health.,passed,reduce,0 0 intention 0 0 0 0 0 0 0 0 0 0 0 0 0 effect 0 0 0 0 0 0,intend
86,86,The government passed a law to increase access to educational opportunities in an effort to reduce inequality and promote social mobility.,passed,reduce,0 0 intention 0 0 0 0 0 0 0 0 0 0 0 0 effect 0 0 0 0 0 0,intend
87,87,The government passed a law to increase access to affordable housing in an effort to reduce homelessness and improve living conditions.,passed,reduce,0 0 intention 0 0 0 0 0 0 0 0 0 0 0 0 effect 0 0 0 0 0 0,intend
88,88,The government passed a law to increase access to public transportation in an effort to reduce traffic congestion and improve air quality.,passed,reduce,0 0 intention 0 0 0 0 0 0 0 0 0 0 0 0 effect 0 0 0 0 0 0 0,intend
89,89,The government passed a law to increase access to clean energy sources in an effort to reduce greenhouse gas emissions and combat climate change.,passed,reduce,0 0 intention 0 0 0 0 0 0 0 0 0 0 0 0 0 effect 0 0 0 0 0 0 0 0,intend
90,90,The government passed a law to increase the minimum wage in an effort to reduce poverty.,passed,reduce,0 0 intention 0 0 0 0 0 0 0 0 0 0 0 effect 0 0,intend
91,91,The government passed a law to provide incentives for businesses to invest in renewable energy sources.,passed,invest,0 0 intention 0 0 0 0 0 0 0 0 effect 0 0 0 0 0,intend
92,92,The government passed a law to increase funding for public education in an effort to improve educational outcomes.,passed,improve,0 0 intention 0 0 0 0 0 0 0 0 0 0 0 0 effect 0 0 0,intend
93,93,The government passed a law to provide tax incentives for businesses that invest in research and development.,passed,provide,0 0 intention 0 0 0 effect 0 0 0 0 0 0 0 0 0 0 0,intend
94,94,The government passed a law to provide tax credits for businesses that hire veterans.,passed,provide,0 0 intention 0 0 0 effect 0 0 0 0 0 0 0 0,intend
95,95,The government passed a law to increase the minimum wage in order to improve the standard of living for low-income workers.,passed,improve,0 0 intention 0 0 0 0 0 0 0 0 0 0 effect 0 0 0 0 0 0 0 0 0 0,intend
96,96,The government passed a law to reduce carbon emissions in order to combat climate change.,reduce,combat,0 0 0 0 0 0 intention 0 0 0 0 0 effect 0 0 0,intend
97,97,The government implemented a new program to provide free education to all children in the country.,implemented,provide,0 0 intention 0 0 0 0 effect 0 0 0 0 0 0 0 0 0,intend
98,98,The government passed a law to protect the rights of workers and ensure fair wages and working conditions.,passed,protect,0 0 intention 0 0 0 effect 0 0 0 0 0 0 0 0 0 0 0 0,intend
99,99,The government passed a law to protect the rights of immigrants and ensure access to basic services.,passed,protect,0 0 intention 0 0 0 effect 0 0 0 0 0 0 0 0 0 0 0,intend
100,100,The government passed a law to protect the rights of the disabled and ensure access to necessary services.,passed,ensure,0 0 intention 0 0 0 0 0 0 0 0 0 0 effect 0 0 0 0 0,intend
101,101,The government passed a law to protect the rights of the LGBTQ+ community and ensure equal rights and protections.,passed,ensure,0 0 intention 0 0 0 0 0 0 0 0 0 0 0 effect 0 0 0 0 0,intend
102,102,The government passed a law to protect the rights of religious minorities and ensure freedom of religion.,passed,ensure,0 0 intention 0 0 0 0 0 0 0 0 0 0 effect 0 0 0 0,intend
103,103,The government passed a law to increase access to healthcare in an effort to improve public health.,passed,increase,0 0 intention 0 0 0 effect 0 0 0 0 0 0 0 0 0 0 0,intend
104,104,The government passed a law to increase access to education in an effort to reduce inequality.,passed,reduce,0 0 intention 0 0 0 0 0 0 0 0 0 0 0 effect 0 0,intend
105,105,The government passed a law to protect the environment in an effort to reduce pollution.,passed,reduce,0 0 intention 0 0 0 0 0 0 0 0 0 0 effect 0 0,intend
106,106,The government passed a law to increase access to public transportation in an effort to reduce traffic congestion.,passed,reduce,0 0 intention 0 0 0 0 0 0 0 0 0 0 0 0 effect 0 0 0,intend
107,107,"The government passed a law to increase access to public transportation, in an effort to reduce traffic congestion.",passed,reduce,0 0 intention 0 0 0 0 0 0 0 0 0 0 0 0 effect 0 0 0 0,intend
108,108,"The government passed a law to increase access to affordable housing, in an effort to reduce homelessness.",passed,reduce,0 0 intention 0 0 0 0 0 0 0 0 0 0 0 0 effect 0 0 0,intend
109,109,"The government passed a law to increase access to job training programs, in an effort to reduce unemployment.",passed,reduce,0 0 intention 0 0 0 0 0 0 0 0 0 0 0 0 0 effect 0 0 0,intend
110,110,"The government passed a law to increase access to childcare, in an effort to support working families.",passed,support,0 0 intention 0 0 0 0 0 0 0 0 0 0 0 effect 0 0 0 0,intend
111,111,The government passed a law to increase access to healthcare in an effort to reduce mortality rates.,passed,reduce,0 0 intention 0 0 0 0 0 0 0 0 0 0 0 effect 0 0 0,intend
112,112,The government passed a law to increase access to job training in an effort to reduce unemployment.,passed,reduce,0 0 intention 0 0 0 0 0 0 0 0 0 0 0 0 effect 0 0,intend
113,113,The government passed a law to increase access to legal services in an effort to reduce discrimination.,passed,reduce,0 0 intention 0 0 0 0 0 0 0 0 0 0 0 0 effect 0 0,intend
114,114,The government implemented a new policy to promote renewable energy sources.,implemented,promote,0 0 intention 0 0 0 0 effect 0 0 0 0,intend
115,115,The government launched a campaign to raise awareness of climate change.,launched,raise,0 0 intention 0 0 0 effect 0 0 0 0 0,intend
116,116,The government introduced a new law to protect workers' rights.,introduced,protect,0 0 intention 0 0 0 0 effect 0 0 0 0,intend
117,117,The government implemented a new policy to improve access to healthcare.,implemented,improve,0 0 intention 0 0 0 0 effect 0 0 0 0,intend
118,118,The government passed a law to increase access to affordable childcare.,passed,increase,0 0 intention 0 0 0 effect 0 0 0 0 0,intend
119,119,The government launched a campaign to reduce discrimination in the workplace.,launched,reduce,0 0 intention 0 0 0 effect 0 0 0 0 0,intend
120,120,"The government has passed a new law to increase the availability of public transportation, in an effort to reduce traffic congestion and air pollution.",passed,reduce,0 0 0 intention 0 0 0 0 0 0 0 0 0 0 0 0 0 0 effect 0 0 0 0 0 0 0,intend
121,121,"The government has implemented a new policy to provide tax credits to businesses that hire veterans, in an effort to reduce veteran unemployment.",implemented,reduce,0 0 0 intention 0 0 0 0 0 0 0 0 0 0 0 0 0 0 0 0 effect 0 0 0 0,intend
122,122,"The government has passed a new law to increase the availability of renewable energy sources, in an effort to reduce dependence on fossil fuels.",passed,reduce,0 0 0 intention 0 0 0 0 0 0 0 0 0 0 0 0 0 0 0 effect 0 0 0 0 0 0,intend
123,123,"The government has passed a new law to increase the availability of affordable healthcare, in an effort to reduce the number of uninsured citizens.",passed,reduce,0 0 0 intention 0 0 0 0 0 0 0 0 0 0 0 0 0 0 effect 0 0 0 0 0 0 0,intend
124,124,"The government is introducing a new law to protect the environment, in an effort to reduce air and water pollution.",introducing,reduce,0 0 0 intention 0 0 0 0 0 0 0 0 0 0 0 effect 0 0 0 0 0 0,intend
125,125,"The government is introducing a new law to protect the rights of immigrants, in an effort to ensure access to healthcare and other social services.",introducing,ensure,0 0 0 intention 0 0 0 0 0 0 0 0 0 0 0 0 0 effect 0 0 0 0 0 0 0 0 0,intend
126,126,"The government is introducing a new law to protect the rights of indigenous peoples, in an effort to recognize their cultural and land rights.",protect,recognize,0 0 0 0 0 0 0 0 intention 0 0 0 0 0 0 0 0 0 effect 0 0 0 0 0 0 0,intend
127,127,"The government is introducing a new law to protect the rights of LGBTQ+ individuals, in an effort to ensure equal access to services and protection from discrimination.",protect,ensure,0 0 0 0 0 0 0 0 intention 0 0 0 0 0 0 0 0 0 effect 0 0 0 0 0 0 0 0 0 0,intend
128,128,"The government is introducing a new law to protect the rights of workers, in an effort to ensure fair wages and safe working conditions.",Introducing,ensure,0 0 0 intention 0 0 0 0 0 0 0 0 0 0 0 0 0 effect 0 0 0 0 0 0 0 0,intend
129,129,"The government is introducing a new law to protect the environment, in an effort to reduce pollution and conserve natural resources.",Introducing,Reduce,0 0 0 intention 0 0 0 0 0 0 0 0 0 0 0 effect 0 0 0 0 0 0 0,intend
130,130,"The government is introducing a new law to protect the rights of minorities, in an effort to promote social inclusion and combat racism.",Introducing,Promote,0 0 0 intention 0 0 0 0 0 0 0 0 0 0 0 0 0 effect 0 0 0 0 0 0 0,intend
131,131,"The government has implemented a new policy to provide free education to all children, in an effort to reduce poverty and inequality.",implemented,reduce,0 0 0 intention 0 0 0 0 0 0 0 0 0 0 0 0 0 0 effect 0 0 0 0 0,intend
132,132,"The government has implemented a new policy to provide access to healthcare for all citizens, in an effort to improve public health.",implemented,improve,0 0 0 intention 0 0 0 0 0 0 0 0 0 0 0 0 0 0 0 effect 0 0 0 0,intend
133,133,"The government has passed a law to protect the rights of immigrants, in an effort to promote diversity and inclusion.",passed,promote,0 0 0 intention 0 0 0 0 0 0 0 0 0 0 0 0 effect 0 0 0 0 0,intend
134,134,The government passed a law to increase the availability of public transportation in an effort to reduce traffic congestion.,passed,reduce,0 0 intention 0 0 0 0 0 0 0 0 0 0 0 0 0 effect 0 0 0,intend
135,135,The government passed a law to increase the availability of renewable energy sources in an effort to reduce air pollution.,passed,reduce,0 0 intention 0 0 0 0 0 0 0 0 0 0 0 0 0 0 effect 0 0 0,intend
136,136,The government passed a law to increase the availability of public parks and green spaces in an effort to reduce urban sprawl.,passed,reduce,0 0 intention 0 0 0 0 0 0 0 0 0 0 0 0 0 0 0 0 effect 0 0 0,intend
137,137,"The government has passed a law to increase the minimum wage, in an effort to reduce poverty and improve living standards.",increase,reduce,0 0 0 0 0 0 0 intention 0 0 0 0 0 0 0 effect 0 0 0 0 0 0 0,intend
138,138,"The government has passed a law to increase funding for public education, in an effort to improve educational outcomes.",increase,improve,0 0 0 0 0 0 0 intention 0 0 0 0 0 0 0 0 effect 0 0 0 0,intend
139,139,"The government has passed a law to increase access to healthcare, in an effort to reduce health disparities.",increase,reduce,0 0 0 0 0 0 0 intention 0 0 0 0 0 0 0 effect 0 0 0 0,intend
140,140,"The government has passed a law to reduce carbon emissions, in an effort to combat climate change.",reduce,combat,0 0 0 0 0 0 0 intention 0 0 0 0 0 0 effect 0 0 0 0,intend
141,141,"The government has passed a law to increase access to affordable housing, in an effort to reduce homelessness.",increase,reduce,0 0 0 0 0 0 0 intention 0 0 0 0 0 0 0 0 effect 0 0 0,intend
142,142,"The government has passed a law to increase access to public transportation, in an effort to reduce traffic congestion.",increase,reduce,0 0 0 0 0 0 0 intention 0 0 0 0 0 0 0 0 effect 0 0 0 0,intend
143,143,"The government has passed a law to increase funding for renewable energy sources, in an effort to reduce dependence on fossil fuels.",increase,reduce,0 0 0 0 0 0 0 intention 0 0 0 0 0 0 0 0 0 effect 0 0 0 0 0 0,intend
144,144,"The government has passed a law to increase funding for research and development, in an effort to promote innovation and economic growth.",increase,promote,0 0 0 0 0 0 0 intention 0 0 0 0 0 0 0 0 0 effect 0 0 0 0 0 0,intend
145,147,The government passed a law to increase access to clean energy sources in an effort to reduce air pollution.,passed,reduce,0 0 intention 0 0 0 0 0 0 0 0 0 0 0 0 0 effect 0 0 0,intend
146,148,The government passed a law to increase access to mental health services in an effort to reduce suicide rates.,passed,reduce,0 0 intention 0 0 0 0 0 0 0 0 0 0 0 0 0 effect 0 0 0,intend
147,149,The government passed a law to increase access to childcare services in an effort to reduce poverty.,passed,reduce,0 0 intention 0 0 0 0 0 0 0 0 0 0 0 0 effect 0 0,intend
148,150,"The government has passed a law to increase access to job training programs, in an effort to reduce unemployment.",passed,reduce,0 0 0 intention 0 0 0 0 0 0 0 0 0 0 0 0 0 effect 0 0 0,intend
149,151,"The government has passed a law to increase access to mental health services, in an effort to reduce crime.",passed,reduce,0 0 0 intention 0 0 0 0 0 0 0 0 0 0 0 0 0 effect 0 0 0,intend
150,152,"The government has passed a law to increase access to renewable energy sources, in an effort to reduce carbon emissions.",passed,reduce,0 0 0 intention 0 0 0 0 0 0 0 0 0 0 0 0 0 effect 0 0 0 0,intend
151,153,"The government has passed a law to increase access to clean water, in an effort to improve public health.",passed,improve,0 0 0 intention 0 0 0 0 0 0 0 0 0 0 0 0 effect 0 0 0 0,intend
152,154,"The United Nations has passed a resolution to increase international cooperation, in order to combat terrorism.",passed,combat,0 0 0 0 intention 0 0 0 0 0 0 0 0 0 effect 0 0 0,intend
153,156,The government passed a law to protect the rights of immigrants and ensure access to basic services.,passed,ensure,0 0 intention 0 0 0 0 0 0 0 0 0 effect 0 0 0 0 0,intend
154,157,The government passed a law to protect the rights of minorities and ensure equal access to opportunities.,passed,ensure,0 0 intention 0 0 0 0 0 0 0 0 0 effect 0 0 0 0 0,intend
155,158,The government passed a law to protect the rights of women and ensure access to reproductive health services.,passed,ensure,0 0 intention 0 0 0 0 0 0 0 0 0 effect 0 0 0 0 0 0,intend
156,159,The government passed a law to protect the rights of LGBTQ+ individuals and ensure equal protection under the law.,passed,protect,0 0 intention 0 0 0 effect 0 0 0 0 0 0 0 0 0 0 0 0 0,intend
157,160,"The government is introducing a new law to protect the rights of consumers, in an effort to ensure fair prices and quality products.",Introducing,Ensure,0 0 0 intention 0 0 0 0 0 0 0 0 0 0 0 0 0 effect 0 0 0 0 0 0 0,intend
158,161,"The government is introducing a new law to protect the rights of minorities, in an effort to promote equal access to education and employment opportunities.",Introducing,Promote,0 0 0 intention 0 0 0 0 0 0 0 0 0 0 0 0 0 effect 0 0 0 0 0 0 0 0 0,intend
159,162,"The government has passed a new law to increase the minimum wage, in an effort to reduce poverty and income inequality.",passed,reduce,0 0 0 intention 0 0 0 0 0 0 0 0 0 0 0 0 effect 0 0 0 0 0 0,intend
160,163,"The government has implemented a new policy to provide incentives for businesses to invest in renewable energy sources, in an effort to reduce greenhouse gas emissions.",implemented,reduce,0 0 0 intention 0 0 0 0 0 0 0 0 0 0 0 0 0 0 0 0 0 0 effect 0 0 0 0 0,intend
161,164,The United Nations Security Council passed a resolution condemning the occupation of Kuwait and demanding the immediate withdrawal of Iraqi forces.,passed,condemning,0 0 0 0 0 intention 0 0 effect 0 0 0 0 0 0 0 0 0 0 0 0 0,intend
162,165,The United States and its allies launched a military campaign to liberate Kuwait and restore its sovereignty.,launched,liberate,0 0 0 0 0 0 intention 0 0 0 0 effect 0 0 0 0 0 0,intend
163,166,The United Nations passed a resolution calling for the establishment of a United Nations-supervised peace process in the Middle East.,passed,establishment,0 0 0 intention 0 0 0 0 0 effect 0 0 0 0 0 0 0 0 0 0 0 0 0,intend
164,167,The government passed a law to increase access to education and reduce the cost of tuition.,passed,increase,0 0 intention 0 0 0 effect 0 0 0 0 0 0 0 0 0 0,intend
165,168,The government passed a law to increase access to affordable housing and reduce homelessness.,passed,reduce,0 0 intention 0 0 0 0 0 0 0 0 0 effect 0 0,intend
166,169,The government passed a law to increase access to clean energy in an effort to reduce carbon emissions.,passed,reduce,0 0 intention 0 0 0 0 0 0 0 0 0 0 0 0 effect 0 0 0,intend
167,170,"The government passed a law to increase access to education, in an effort to reduce inequality.",passed,reduce,0 0 intention 0 0 0 0 0 0 0 0 0 0 0 effect 0 0 0,intend
168,171,"The government passed a law to increase access to healthcare, in an effort to reduce health disparities.",passed,reduce,0 0 intention 0 0 0 0 0 0 0 0 0 0 0 effect 0 0 0 0,intend
169,172,"The government passed a law to increase access to financial services, in an effort to reduce economic inequality.",passed,reduce,0 0 intention 0 0 0 0 0 0 0 0 0 0 0 0 effect 0 0 0 0,intend
170,173,"The government passed a law to increase access to legal services, in an effort to reduce discrimination.",passed,reduce,0 0 intention 0 0 0 0 0 0 0 0 0 0 0 0 effect 0 0 0,intend
171,174,"The government passed a law to increase access to voting rights, in an effort to ensure equal representation.",passed,ensure,0 0 intention 0 0 0 0 0 0 0 0 0 0 0 0 effect 0 0 0 0,intend
172,175,The government passed a law to increase the number of public parks and green spaces in order to improve the quality of life for citizens.,passed,improve,0 0 intention 0 0 0 0 0 0 0 0 0 0 0 0 0 0 0 effect 0 0 0 0 0 0 0,intend
173,176,The government passed a law to increase the availability of affordable housing in order to reduce homelessness and improve living standards.,passed,reduce,0 0 intention 0 0 0 0 0 0 0 0 0 0 0 0 effect 0 0 0 0 0 0,intend
174,177,The government passed a law to increase the availability of public transportation in order to reduce traffic congestion and improve air quality.,passed,improve,0 0 intention 0 0 0 0 0 0 0 0 0 0 0 0 0 0 0 0 effect 0 0 0,intend
175,178,The government passed a law to provide tax incentives to businesses that invest in research and development in order to promote innovation and economic growth.,passed,promote,0 0 intention 0 0 0 0 0 0 0 0 0 0 0 0 0 0 0 0 0 effect 0 0 0 0 0,intend
176,179,The government passed a law to increase the availability of renewable energy sources in order to reduce air pollution and conserve natural resources.,passed,reduce,0 0 intention 0 0 0 0 0 0 0 0 0 0 0 0 0 effect 0 0 0 0 0 0 0,intend
177,180,The government passed a law to increase access to childcare in an effort to reduce poverty.,passed,reduce,0 0 intention 0 0 0 0 0 0 0 0 0 0 0 effect 0 0,intend
178,181,The government passed a law to increase access to renewable energy sources in an effort to reduce carbon emissions.,passed,reduce,0 0 intention 0 0 0 0 0 0 0 0 0 0 0 0 0 effect 0 0 0,intend
179,182,The government passed a law to increase access to voting rights in an effort to increase voter turnout.,passed,increase,0 0 intention 0 0 0 effect 0 0 0 0 0 0 0 0 0 0 0 0,intend
180,183,The government passed a law to increase access to legal aid in an effort to reduce crime.,passed,reduce,0 0 intention 0 0 0 0 0 0 0 0 0 0 0 0 effect 0 0,intend
181,184,The government passed a law to increase access to job opportunities in an effort to reduce unemployment.,passed,reduce,0 0 intention 0 0 0 0 0 0 0 0 0 0 0 0 effect 0 0,intend
182,185,"The government has implemented a new policy to provide tax credits to businesses that hire new employees, in an effort to reduce unemployment.",implemented,reduce,0 0 0 intention 0 0 0 0 0 0 0 0 0 0 0 0 0 0 0 0 0 effect 0 0 0,intend
183,186,"The government has introduced a new program to provide job training and education services to those who are underemployed, in an effort to reduce long-term underemployment.",introduced,reduce,0 0 0 intention 0 0 0 0 0 0 0 0 0 0 0 0 0 0 0 0 0 0 0 effect 0 0 0 0 0 0,intend
184,187,"The government has passed a new law to increase the availability of affordable childcare, in an effort to reduce the burden of childcare costs on working families.",passed,reduce,0 0 0 intention 0 0 0 0 0 0 0 0 0 0 0 0 0 0 effect 0 0 0 0 0 0 0 0 0 0,intend
185,188,The government is introducing a new tax on luxury goods in an effort to raise revenue for social programs.,introducing,raise,0 0 0 intention 0 0 0 0 0 0 0 0 0 0 effect 0 0 0 0 0,intend
186,189,"The government is introducing a new law to protect the rights of immigrants, in an effort to ensure equal access to services and opportunities.",introducing,ensure,0 0 0 intention 0 0 0 0 0 0 0 0 0 0 0 0 0 effect 0 0 0 0 0 0 0 0,intend
187,190,"The government is introducing a new law to protect the rights of indigenous people, in an effort to ensure their cultural heritage is respected.",introducing,ensure,0 0 0 intention 0 0 0 0 0 0 0 0 0 0 0 0 0 0 effect 0 0 0 0 0 0 0,intend
188,191,"The government is introducing a new law to protect the rights of women, in an effort to ensure equal access to education and employment.",introducing,ensure,0 0 0 intention 0 0 0 0 0 0 0 0 0 0 0 0 0 effect 0 0 0 0 0 0 0 0,intend
189,192,"The government is introducing a new law to protect the rights of LGBTQ+ people, in an effort to ensure equal access to services and opportunities.",introducing,ensure,0 0 0 intention 0 0 0 0 0 0 0 0 0 0 0 0 0 0 effect 0 0 0 0 0 0 0 0,intend
190,193,"The government is introducing a new law to protect the rights of people with disabilities, in an effort to ensure equal access to services and opportunities.",introducing,ensure,0 0 0 intention 0 0 0 0 0 0 0 0 0 0 0 0 0 0 0 effect 0 0 0 0 0 0 0 0,intend
191,194,"The government is introducing a new law to protect the rights of religious minorities, in an effort to ensure equal access to services and opportunities.",introducing,ensure,0 0 0 intention 0 0 0 0 0 0 0 0 0 0 0 0 0 0 effect 0 0 0 0 0 0 0 0,intend
192,195,"The government is introducing a new law to protect the rights of victims of hate crimes, in an effort to ensure justice and accountability.",introducing,ensure,0 0 0 intention 0 0 0 0 0 0 0 0 0 0 0 0 0 0 0 0 effect 0 0 0 0 0,intend
193,196,The government passed a law to increase access to clean energy sources and reduce air pollution.,passed,reduce,0 0 intention 0 0 0 0 0 0 0 0 0 0 effect 0 0 0,intend
194,197,The government passed a law to increase access to renewable energy sources and reduce dependence on fossil fuels.,passed,reduce,0 0 intention 0 0 0 0 0 0 0 0 0 0 effect 0 0 0 0 0,intend
195,198,The government passed a law to increase access to green spaces and reduce urban sprawl.,passed,reduce,0 0 intention 0 0 0 0 0 0 0 0 0 effect 0 0 0,intend
196,199,The government passed a law to increase access to public parks and reduce environmental degradation.,passed,reduce,0 0 intention 0 0 0 0 0 0 0 0 0 effect 0 0 0,intend
197,200,The government passed a law to increase access to public services and reduce poverty.,passed,reduce,0 0 intention 0 0 0 0 0 0 0 0 0 effect 0 0,intend
198,201,"The president signed an executive order to protect the rights of immigrants and refugees, in an effort to ensure fair treatment and access to services.",signed,ensure,0 0 intention 0 0 0 0 0 0 0 0 0 0 0 0 0 0 0 effect 0 0 0 0 0 0 0 0,intend
199,202,"The government is introducing a new law to protect the rights of Indigenous peoples, in an effort to ensure access to land and resources.",introducing,ensure,0 0 0 intention 0 0 0 0 0 0 0 0 0 0 0 0 0 0 effect 0 0 0 0 0 0 0,intend
200,203,"The government is introducing a new law to protect the rights of religious minorities, in an effort to promote freedom of religion.",introducing,promote,0 0 0 intention 0 0 0 0 0 0 0 0 0 0 0 0 0 0 effect 0 0 0 0 0,intend
201,204,"The government is introducing a new law to protect the rights of women, in an effort to ensure equal access to education and employment opportunities.",introducing,ensure,0 0 0 intention 0 0 0 0 0 0 0 0 0 0 0 0 0 effect 0 0 0 0 0 0 0 0 0,intend
202,205,"The government is introducing a new law to protect the rights of people with disabilities, in an effort to ensure access to services and accommodations.",introducing,ensure,0 0 0 intention 0 0 0 0 0 0 0 0 0 0 0 0 0 0 0 effect 0 0 0 0 0 0 0,intend
203,206,"The government is introducing a new law to protect the rights of the disabled, in an effort to ensure their access to services and opportunities.",introducing,ensure,0 0 0 intention 0 0 0 0 0 0 0 0 0 0 0 0 0 0 effect 0 0 0 0 0 0 0 0,intend
204,207,"The government is introducing a new law to protect the rights of the elderly, in an effort to ensure their access to quality care and services.",protect,ensure,0 0 0 0 0 0 0 0 intention 0 0 0 0 0 0 0 0 0 effect 0 0 0 0 0 0 0 0 0,intend
205,208,"The government is introducing a new law to protect the rights of the LGBTQ+ community, in an effort to ensure their safety and acceptance.",protect,ensure,0 0 0 0 0 0 0 0 intention 0 0 0 0 0 0 0 0 0 0 effect 0 0 0 0 0 0,intend
206,209,"The government is introducing a new law to protect the rights of victims of domestic violence, in an effort to ensure their safety and access to justice.",protect,ensure,0 0 0 0 0 0 0 0 intention 0 0 0 0 0 0 0 0 0 0 0 effect 0 0 0 0 0 0 0 0,intend
207,210,"The government is introducing a new law to protect the rights of victims of sexual assault, in an effort to ensure their safety and access to justice.",protect,ensure,0 0 0 0 0 0 0 0 intention 0 0 0 0 0 0 0 0 0 0 0 effect 0 0 0 0 0 0 0 0,intend
208,211,"The government has implemented a new policy to provide financial assistance to small businesses, in an effort to stimulate economic growth.",implemented,stimulate,0 0 0 intention 0 0 0 0 0 0 0 0 0 0 0 0 0 0 effect 0 0 0 0,intend
209,212,"The government has passed a new law to increase the availability of affordable childcare, in an effort to reduce the burden on working families.",passed,reduce,0 0 0 intention 0 0 0 0 0 0 0 0 0 0 0 0 0 0 effect 0 0 0 0 0 0 0,intend
210,213,"The government is introducing a new law to protect the rights of consumers, in an effort to ensure fair prices and quality products.",Introducing,ensure,0 0 0 intention 0 0 0 0 0 0 0 0 0 0 0 0 0 effect 0 0 0 0 0 0 0,intend
211,214,"The government is introducing a new law to protect the rights of the disabled, in an effort to ensure equal access to services and opportunities.",protect,ensure,0 0 0 0 0 0 0 0 intention 0 0 0 0 0 0 0 0 0 effect 0 0 0 0 0 0 0 0,intend
212,215,The government passed a law to increase access to education in an effort to improve educational outcomes.,passed,improve,0 0 intention 0 0 0 0 0 0 0 0 0 0 0 effect 0 0 0,intend
213,216,The government passed a law to increase access to job training programs in an effort to reduce unemployment.,passed,reduce,0 0 intention 0 0 0 0 0 0 0 0 0 0 0 0 0 effect 0 0,intend
214,217,The government passed a law to increase access to public parks and green spaces in an effort to improve air quality.,passed,improve,0 0 intention 0 0 0 0 0 0 0 0 0 0 0 0 0 0 0 effect 0 0 0,intend
215,220,"The government passed a law to increase access to financial services, in an effort to reduce poverty.",passed,reduce,0 0 intention 0 0 0 0 0 0 0 0 0 0 0 0 effect 0 0 0,intend
216,221,"The government passed a law to increase access to clean water, in an effort to reduce water-borne diseases.",passed,reduce,0 0 intention 0 0 0 0 0 0 0 0 0 0 0 0 effect 0 0 0 0 0 0,intend
217,222,"The government passed a law to increase access to renewable energy, in an effort to reduce carbon emissions.",passed,reduce,0 0 intention 0 0 0 0 0 0 0 0 0 0 0 0 effect 0 0 0 0,intend
218,223,"The government passed a law to increase access to technology, in an effort to promote economic growth.",passed,promote,0 0 intention 0 0 0 0 0 0 0 0 0 0 0 effect 0 0 0 0,intend
219,224,"The government passed a law to increase the minimum wage, in an effort to reduce poverty and improve living standards.",passed,reduce,0 0 intention 0 0 0 0 0 0 0 0 0 0 0 effect 0 0 0 0 0 0 0,intend
220,225,"The government passed a law to increase access to healthcare, in an effort to reduce health disparities and improve public health.",increase,reduce,0 0 0 0 0 0 intention 0 0 0 0 0 0 0 effect 0 0 0 0 0 0 0 0,intend
221,226,"The government passed a law to increase access to affordable housing, in an effort to reduce homelessness and improve living conditions.",increase,improve,0 0 0 0 0 0 intention 0 0 0 0 0 0 0 0 0 0 0 effect 0 0 0 0,intend
222,227,"The government passed a law to increase access to public transportation, in an effort to reduce traffic congestion and improve air quality.",increase,reduce,0 0 0 0 0 0 intention 0 0 0 0 0 0 0 0 effect 0 0 0 0 0 0 0 0,intend
223,228,"The government passed a law to increase access to clean energy sources, in an effort to reduce greenhouse gas emissions and combat climate change.",increase,reduce,0 0 0 0 0 0 intention 0 0 0 0 0 0 0 0 0 effect 0 0 0 0 0 0 0 0 0,intend
224,229,The government passed a law to protect the rights of victims of wage theft and ensure their access to services.,passed,protect,0 0 intention 0 0 0 effect 0 0 0 0 0 0 0 0 0 0 0 0 0 0,intend
225,230,The government passed a law to protect the rights of victims of workplace harassment and ensure their access to services.,passed,ensure,0 0 intention 0 0 0 0 0 0 0 0 0 0 0 0 effect 0 0 0 0 0,intend
226,231,The government passed a law to protect the rights of victims of discrimination in housing and ensure their access to services.,passed,protect,0 0 intention 0 0 0 effect 0 0 0 0 0 0 0 0 0 0 0 0 0 0 0,intend
227,232,The government passed a law to protect the rights of victims of discrimination in education and ensure their access to services.,passed,protect,0 0 intention 0 0 0 effect 0 0 0 0 0 0 0 0 0 0 0 0 0 0 0,intend
228,233,The government passed a law to protect the rights of victims of discrimination in employment and ensure their access to services.,passed,ensure,0 0 intention 0 0 0 0 0 0 0 0 0 0 0 0 0 effect 0 0 0 0 0,intend
229,234,The government passed a law to protect the rights of victims of discrimination in public accommodations and ensure their access to services.,passed,ensure,0 0 intention 0 0 0 0 0 0 0 0 0 0 0 0 0 0 effect 0 0 0 0 0,intend
230,235,The government passed a law to protect the rights of victims of discrimination in credit and lending and ensure their access to services.,passed,protect,0 0 intention 0 0 0 effect 0 0 0 0 0 0 0 0 0 0 0 0 0 0 0 0 0,intend
231,236,The government passed a law to protect the rights of victims of discrimination in health care and ensure their access to services.,passed,protect,0 0 intention 0 0 0 effect 0 0 0 0 0 0 0 0 0 0 0 0 0 0 0 0,intend
232,237,The government passed a law to protect the rights of victims of discrimination in insurance and ensure their access to services.,passed,ensure,0 0 intention 0 0 0 0 0 0 0 0 0 0 0 0 0 effect 0 0 0 0 0,intend
233,238,The government passed a law to protect the rights of victims of discrimination in the criminal justice system and ensure their access to services.,passed,ensure,0 0 intention 0 0 0 0 0 0 0 0 0 0 0 0 0 0 0 0 effect 0 0 0 0 0,intend
234,239,The government passed a law to increase taxes on the wealthy in an effort to reduce income inequality.,passed,reduce,0 0 intention 0 0 0 0 0 0 0 0 0 0 0 0 effect 0 0 0,intend
235,240,The government passed a law to increase funding for public education in an effort to improve educational outcomes.,increase,improve,0 0 0 0 0 0 intention 0 0 0 0 0 0 0 0 effect 0 0 0,intend
236,241,The government passed a law to increase access to healthcare in an effort to improve public health.,increase,improve,0 0 0 0 0 0 intention 0 0 0 0 0 0 0 effect 0 0 0,intend
237,242,The government passed a law to increase access to affordable housing in an effort to reduce homelessness.,increase,reduce,0 0 0 0 0 0 intention 0 0 0 0 0 0 0 0 effect 0 0,intend
238,243,The government passed a law to increase access to public transportation in an effort to reduce traffic congestion.,increase,reduce,0 0 0 0 0 0 intention 0 0 0 0 0 0 0 0 effect 0 0 0,intend
239,244,"The government passed a law to increase the minimum wage, in an effort to improve the standard of living for low-income workers.",passed,improve,0 0 intention 0 0 0 0 0 0 0 0 0 0 0 effect 0 0 0 0 0 0 0 0 0 0 0,intend
240,245,"The government passed a law to increase taxes on the wealthy, in an effort to reduce income inequality.",passed,reduce,0 0 intention 0 0 0 0 0 0 0 0 0 0 0 0 effect 0 0 0 0,intend
241,247,"The government passed a law to increase access to healthcare, in an effort to improve public health.",passed,increase,0 0 intention 0 0 0 effect 0 0 0 0 0 0 0 0 0 0 0 0,intend
242,248,The United States and China agreed to a trade deal that would reduce tariffs and increase access to Chinese markets for American companies.,agreed,increase,0 0 0 0 0 intention 0 0 0 0 0 0 0 0 0 effect 0 0 0 0 0 0 0 0,intend
243,249,The United States and Mexico agreed to a trade deal that would reduce tariffs and increase access to Mexican markets for American companies.,agreed,increase,0 0 0 0 0 intention 0 0 0 0 0 0 0 0 0 effect 0 0 0 0 0 0 0 0,intend
244,250,The United States and Canada agreed to a trade deal that would reduce tariffs and increase access to Canadian markets for American companies.,agreed,increase,0 0 0 0 0 intention 0 0 0 0 0 0 0 0 0 effect 0 0 0 0 0 0 0 0,intend
245,251,The government passed a law to increase access to childcare in an effort to increase workforce participation.,passed,increase,0 0 intention 0 0 0 effect 0 0 0 0 0 0 0 0 0 0 0,intend
246,252,The government passed a law to increase access to renewable energy sources in an effort to reduce dependence on fossil fuels.,passed,reduce,0 0 intention 0 0 0 0 0 0 0 0 0 0 0 0 0 effect 0 0 0 0 0,intend
247,253,The government passed a law to protect the rights of workers and ensure their access to fair wages and safe working conditions.,passed,protect,0 0 intention 0 0 0 effect 0 0 0 0 0 0 0 0 0 0 0 0 0 0 0 0,intend
248,254,The government passed a law to protect the rights of LGBTQ+ individuals and ensure their access to services.,passed,ensure,0 0 intention 0 0 0 0 0 0 0 0 0 0 effect 0 0 0 0 0,intend
249,255,The government passed a law to protect the rights of immigrants and ensure their access to services.,passed,ensure,0 0 intention 0 0 0 0 0 0 0 0 0 effect 0 0 0 0 0,intend
250,256,The government passed a law to protect the rights of women and ensure their access to services.,passed,ensure,0 0 intention 0 0 0 0 0 0 0 0 0 effect 0 0 0 0 0,intend
251,257,The government passed a law to protect the rights of people with disabilities and ensure their access to services.,passed,protect,0 0 intention 0 0 0 effect 0 0 0 0 0 0 0 0 0 0 0 0 0,intend
252,258,"The government is introducing a new law to protect the environment, in an effort to reduce pollution and promote sustainable development.",Introducing,Reduce,0 0 0 intention 0 0 0 0 0 0 0 0 0 0 0 effect 0 0 0 0 0 0 0,intend
253,259,"The government is introducing a new law to protect the rights of minorities, in an effort to promote social inclusion and combat discrimination.",Introducing,Promote,0 0 0 intention 0 0 0 0 0 0 0 0 0 0 0 0 0 effect 0 0 0 0 0 0 0,intend
254,260,"The government is introducing a new law to protect the rights of workers, in an effort to ensure fair wages and safe working conditions.",introducing,ensure,0 0 0 intention 0 0 0 0 0 0 0 0 0 0 0 0 0 effect 0 0 0 0 0 0 0 0,intend
255,261,"The government is introducing a new law to protect the rights of consumers, in an effort to ensure fair prices and quality products.",introducing,ensure,0 0 0 intention 0 0 0 0 0 0 0 0 0 0 0 0 0 effect 0 0 0 0 0 0 0,intend
256,262,"The government is introducing a new law to protect the rights of the elderly, in an effort to ensure access to quality healthcare and social services.",introducing,ensure,0 0 0 intention 0 0 0 0 0 0 0 0 0 0 0 0 0 0 effect 0 0 0 0 0 0 0 0 0,intend
257,263,"The government is introducing a new law to protect the rights of the disabled, in an effort to ensure access to quality healthcare and social services.",introducing,ensure,0 0 0 intention 0 0 0 0 0 0 0 0 0 0 0 0 0 0 effect 0 0 0 0 0 0 0 0 0,intend
258,264,"The government is introducing a new law to protect the rights of the homeless, in an effort to ensure access to housing and other basic needs.",introducing,ensure,0 0 0 intention 0 0 0 0 0 0 0 0 0 0 0 0 0 0 effect 0 0 0 0 0 0 0 0 0,intend
259,265,"The government is introducing a new law to protect the rights of victims of domestic violence, in an effort to ensure justice and accountability.",introducing,ensure,0 0 0 intention 0 0 0 0 0 0 0 0 0 0 0 0 0 0 0 0 effect 0 0 0 0 0,intend
260,266,The European Union passed a law to reduce carbon emissions in an effort to combat climate change.,passed,combat,0 0 0 intention 0 0 0 0 0 0 0 0 0 0 effect 0 0 0,intend
261,270,The government passed a law to increase access to healthcare in an effort to improve public health.,passed,improve,0 0 intention 0 0 0 0 0 0 0 0 0 0 0 effect 0 0 0,intend
262,271,The United Nations Security Council passed a resolution calling for an immediate ceasefire in the conflict between Israel and Palestine.,passed,ceasefire,0 0 0 0 0 intention 0 0 0 0 0 0 effect 0 0 0 0 0 0 0 0,intend
263,272,The United States Congress passed a law to increase funding for public education in an effort to improve student achievement.,passed,improve,0 0 0 0 intention 0 0 0 0 0 0 0 0 0 0 0 0 effect 0 0 0,intend
264,273,The United Nations adopted a resolution to promote the rights of refugees and ensure their access to basic services.,adopted,promote,0 0 0 intention 0 0 0 effect 0 0 0 0 0 0 0 0 0 0 0 0,intend
265,274,The United Nations passed a resolution to promote the rights of women and girls and ensure their access to education.,passed,promote,0 0 0 intention 0 0 0 effect 0 0 0 0 0 0 0 0 0 0 0 0 0,intend
266,275,The United Nations passed a resolution to promote the rights of people with disabilities and ensure their access to healthcare.,passed,promote,0 0 0 intention 0 0 0 effect 0 0 0 0 0 0 0 0 0 0 0 0 0,intend
267,276,The United Nations passed a resolution to promote the rights of indigenous peoples and ensure their access to land and resources.,passed,promote,0 0 0 intention 0 0 0 effect 0 0 0 0 0 0 0 0 0 0 0 0 0 0,intend
268,277,The United Nations passed a resolution to promote the rights of LGBT people and ensure their access to equal rights and protections.,passed,promote,0 0 0 intention 0 0 0 effect 0 0 0 0 0 0 0 0 0 0 0 0 0 0 0,intend
269,278,The government passed a law to protect the rights of LGBTQ+ individuals and ensure equal access to services.,passed,protect,0 0 intention 0 0 0 effect 0 0 0 0 0 0 0 0 0 0 0 0,intend
270,279,The government implemented a new policy to promote sustainable development and reduce poverty.,implemented,promote,0 0 intention 0 0 0 0 effect 0 0 0 0 0 0,intend
271,280,The government passed a law to protect the rights of refugees and ensure access to basic services.,passed,protect,0 0 intention 0 0 0 effect 0 0 0 0 0 0 0 0 0 0 0,intend
272,281,The government introduced a new program to provide free education to disadvantaged children.,introduced,provide,0 0 intention 0 0 0 0 effect 0 0 0 0 0 0,intend
273,282,The government passed a law to protect the rights of religious minorities and ensure equal access to public services.,passed,protect,0 0 intention 0 0 0 effect 0 0 0 0 0 0 0 0 0 0 0 0 0,intend
274,283,The government implemented a new policy to promote diversity and inclusion in the workplace.,implemented,promote,0 0 intention 0 0 0 0 effect 0 0 0 0 0 0 0,intend
275,284,The government passed a law to protect the rights of disabled people and ensure equal access to services.,passed,protect,0 0 intention 0 0 0 effect 0 0 0 0 0 0 0 0 0 0 0 0,intend
276,285,The government introduced a new program to provide free education to all children.,introduced,provide,0 0 intention 0 0 0 0 effect 0 0 0 0 0 0,intend
277,286,The government passed a law to protect the rights of refugees and ensure their access to services.,passed,protect,0 0 intention 0 0 0 effect 0 0 0 0 0 0 0 0 0 0 0,intend
278,288,"The government has implemented a new policy to provide job training and employment assistance to those who are underemployed, in an effort to reduce long-term underemployment.",implemented,reduce,0 0 0 intention 0 0 0 0 0 0 0 0 0 0 0 0 0 0 0 0 0 0 0 effect 0 0 0 0 0 0,intend
279,289,"The government has introduced a new program to provide financial assistance to small businesses, in an effort to reduce economic inequality.",introduced,reduce,0 0 0 intention 0 0 0 0 0 0 0 0 0 0 0 0 0 0 effect 0 0 0 0,intend
280,290,"The government has implemented a new policy to provide tax incentives to businesses that hire veterans, in an effort to reduce veteran unemployment.",implemented,reduce,0 0 0 intention 0 0 0 0 0 0 0 0 0 0 0 0 0 0 0 0 effect 0 0 0 0,intend
281,291,"The government passed a law to increase the minimum wage, in an effort to reduce poverty.",passed,reduce,0 0 intention 0 0 0 0 0 0 0 0 0 0 0 effect 0 0 0,intend
282,292,"The government passed a law to increase access to affordable housing, in an effort to reduce homelessness.",increase,reduce,0 0 0 0 0 0 intention 0 0 0 0 0 0 0 0 effect 0 0 0,intend
283,293,"The government passed a law to increase access to public transportation, in an effort to reduce traffic congestion.",increase,reduce,0 0 0 0 0 0 intention 0 0 0 0 0 0 0 0 effect 0 0 0 0,intend
284,294,"The government passed a law to increase access to renewable energy sources, in an effort to reduce carbon emissions.",increase,reduce,0 0 0 0 0 0 intention 0 0 0 0 0 0 0 0 0 effect 0 0 0 0,intend
285,295,"The government passed a law to increase access to job training programs, in an effort to reduce unemployment.",increase,reduce,0 0 0 0 0 0 intention 0 0 0 0 0 0 0 0 0 effect 0 0 0,intend
286,296,The Prime Minister announced a new initiative to reduce poverty and inequality in the country.,announced,reduce,0 0 0 intention 0 0 0 0 effect 0 0 0 0 0 0 0,intend
287,297,The government passed a law to increase the minimum wage and improve working conditions.,passed,increase,0 0 intention 0 0 0 effect 0 0 0 0 0 0 0 0,intend
288,298,The government passed a law to reduce carbon emissions and combat climate change.,passed,reduce,0 0 intention 0 0 0 effect 0 0 0 0 0 0 0,intend
289,299,The government passed a law to increase access to healthcare and reduce healthcare costs.,passed,reduce,0 0 intention 0 0 0 0 0 0 0 0 effect 0 0 0,intend
290,300,The government passed a law to strengthen gun control and reduce gun violence.,passed,strengthen,0 0 intention 0 0 0 effect 0 0 0 0 0 0 0,intend
291,301,The government passed a law to protect the rights of immigrants and refugees.,passed,protect,0 0 intention 0 0 0 effect 0 0 0 0 0 0 0,intend
292,302,The government passed a law to increase funding for public education and improve educational outcomes.,passed,increase,0 0 intention 0 0 0 effect 0 0 0 0 0 0 0 0 0,intend
293,303,The government passed a law to protect the rights of Indigenous peoples and promote reconciliation.,passed,protect,0 0 intention 0 0 0 effect 0 0 0 0 0 0 0 0 0,intend
294,304,"The government is introducing a new law to protect the rights of immigrants, in an effort to ensure equal access to services and opportunities.",introducing,ensure,0 0 0 intention 0 0 0 0 0 0 0 0 0 0 0 0 0 effect 0 0 0 0 0 0 0 0,intend
295,305,"The government is introducing a new law to protect the rights of minorities, in an effort to ensure equal access to services and opportunities.",introducing,ensure,0 0 0 intention 0 0 0 0 0 0 0 0 0 0 0 0 0 effect 0 0 0 0 0 0 0 0,intend
296,306,"The government is introducing a new law to protect the rights of consumers, in an effort to ensure fair pricing and quality products.",introducing,ensure,0 0 0 intention 0 0 0 0 0 0 0 0 0 0 0 0 0 effect 0 0 0 0 0 0 0,intend
297,307,"The government is introducing a new law to protect the rights of immigrants, in an effort to promote cultural diversity and combat xenophobia.",protect,promote,0 0 0 0 0 0 0 0 intention 0 0 0 0 0 0 0 0 effect 0 0 0 0 0 0 0,intend
298,309,"The government is introducing a new law to protect the rights of the elderly, in an effort to ensure access to quality care and support.",protect,ensure,0 0 0 0 0 0 0 0 intention 0 0 0 0 0 0 0 0 0 effect 0 0 0 0 0 0 0 0,intend
299,310,"The government has implemented a new policy to reduce carbon emissions, in an effort to combat climate change.",implemented,combat,0 0 0 intention 0 0 0 0 0 0 0 0 0 0 0 effect 0 0 0 0,intend
300,311,"The government has passed a law to increase taxes on the wealthy, in an effort to reduce income inequality.",passed,reduce,0 0 0 intention 0 0 0 0 0 0 0 0 0 0 0 0 effect 0 0 0 0,intend
301,312,"The government has passed a law to increase funding for public education, in an effort to improve educational outcomes.",passed,improve,0 0 0 intention 0 0 0 0 0 0 0 0 0 0 0 0 effect 0 0 0 0,intend
302,313,"The government has passed a law to increase the availability of affordable housing, in an effort to reduce homelessness.",passed,reduce,0 0 0 intention 0 0 0 0 0 0 0 0 0 0 0 0 0 effect 0 0 0,intend
303,314,"The government has introduced a new law to protect the rights of workers, in an effort to ensure fair wages and working conditions.",introduced,ensure,0 0 0 intention 0 0 0 0 0 0 0 0 0 0 0 0 0 effect 0 0 0 0 0 0 0,intend
304,315,"The government has passed a law to protect the rights of consumers, in an effort to ensure safe and fair access to goods and services.",passed,ensure,0 0 0 intention 0 0 0 0 0 0 0 0 0 0 0 0 effect 0 0 0 0 0 0 0 0 0 0,intend
305,316,"The government has introduced a new law to protect the rights of the elderly, in an effort to ensure access to quality healthcare and social services.",introduced,ensure,0 0 0 intention 0 0 0 0 0 0 0 0 0 0 0 0 0 0 effect 0 0 0 0 0 0 0 0 0,intend
306,317,"The government has passed a law to protect the rights of the disabled, in an effort to ensure access to services and equal opportunities.",passed,ensure,0 0 0 intention 0 0 0 0 0 0 0 0 0 0 0 0 0 effect 0 0 0 0 0 0 0 0,intend
307,318,"The government has introduced a new law to protect the rights of minorities, in an effort to ensure equal access to services and opportunities.",introduced,ensure,0 0 0 intention 0 0 0 0 0 0 0 0 0 0 0 0 0 effect 0 0 0 0 0 0 0 0,intend
308,319,"The government has passed a law to protect the rights of victims of hate crimes, in an effort to ensure justice and accountability.",passed,ensure,0 0 0 intention 0 0 0 0 0 0 0 0 0 0 0 0 0 0 0 effect 0 0 0 0 0,intend
309,320,The government passed a law to increase access to education in an effort to reduce poverty.,passed,reduce,0 0 intention 0 0 0 0 0 0 0 0 0 0 0 effect 0 0,intend
310,321,"The government is introducing a new law to reduce air pollution, in an effort to improve public health.",introducing,improve,0 0 0 intention 0 0 0 0 0 0 0 0 0 0 0 effect 0 0 0 0,intend
311,322,"The government is introducing a new law to increase access to renewable energy sources, in an effort to reduce dependence on fossil fuels.",increase,reduce,0 0 0 0 0 0 0 0 intention 0 0 0 0 0 0 0 0 0 effect 0 0 0 0 0 0,intend
312,323,"The government is introducing a new law to increase access to financial services, in an effort to reduce poverty.",increase,reduce,0 0 0 0 0 0 0 0 intention 0 0 0 0 0 0 0 0 effect 0 0 0,intend
313,324,"The government is introducing a new law to increase access to childcare, in an effort to promote gender equality.",increase,promote,0 0 0 0 0 0 0 0 intention 0 0 0 0 0 0 0 effect 0 0 0 0,intend
314,325,The government passed a law to increase the minimum wage in an effort to reduce poverty and inequality.,passed,reduce,0 0 intention 0 0 0 0 0 0 0 0 0 0 0 effect 0 0 0 0,intend
315,326,The government passed a law to increase the number of affordable housing units in an effort to reduce homelessness.,passed,reduce,0 0 intention 0 0 0 0 0 0 0 0 0 0 0 0 0 0 effect 0 0,intend
316,327,The government passed a law to increase the number of renewable energy sources in an effort to reduce carbon emissions.,passed,reduce,0 0 intention 0 0 0 0 0 0 0 0 0 0 0 0 0 0 effect 0 0 0,intend
317,328,The government passed a law to increase the number of public transportation options in an effort to reduce traffic congestion.,passed,reduce,0 0 intention 0 0 0 0 0 0 0 0 0 0 0 0 0 0 effect 0 0 0,intend
318,329,The government passed a law to increase the number of job training programs in an effort to reduce unemployment.,passed,reduce,0 0 intention 0 0 0 0 0 0 0 0 0 0 0 0 0 0 effect 0 0,intend
319,330,The government passed a law to increase the number of public parks and green spaces in an effort to improve air quality.,passed,improve,0 0 intention 0 0 0 0 0 0 0 0 0 0 0 0 0 0 0 0 effect 0 0 0,intend
320,331,The government passed a law to increase the number of public health initiatives in an effort to improve public health.,passed,improve,0 0 intention 0 0 0 0 0 0 0 0 0 0 0 0 0 0 effect 0 0 0,intend
321,332,The government passed a law to increase the number of environmental protection regulations in an effort to reduce pollution.,passed,reduce,0 0 intention 0 0 0 0 0 0 0 0 0 0 0 0 0 0 effect 0 0,intend
322,333,The government passed a law to increase the number of public safety initiatives in an effort to reduce crime.,passed,reduce,0 0 intention 0 0 0 0 0 0 0 0 0 0 0 0 0 0 effect 0 0,intend
323,334,The government passed a law to increase the number of anti-discrimination laws in an effort to promote equality.,passed,promote,0 0 intention 0 0 0 0 0 0 0 0 0 0 0 0 0 effect 0 0 0 0,intend
324,335,"The government has passed a new law to increase the availability of affordable housing, in an effort to reduce homelessness and poverty.",passed,reduce,0 0 0 intention 0 0 0 0 0 0 0 0 0 0 0 0 0 0 effect 0 0 0 0 0,intend
325,336,"The government has implemented a new policy to provide tax incentives for businesses to invest in research and development, in an effort to promote innovation and economic growth.",implemented,promote,0 0 0 intention 0 0 0 0 0 0 0 0 0 0 0 0 0 0 0 0 0 0 0 effect 0 0 0 0 0 0,intend
326,337,"The government has introduced a new program to provide free education to all children, in an effort to reduce inequality and promote social mobility.",introduced,promote,0 0 0 intention 0 0 0 0 0 0 0 0 0 0 0 0 0 0 0 0 0 effect 0 0 0 0,intend
327,338,The government passed a law to increase access to financial services in an effort to promote economic growth.,passed,promote,0 0 intention 0 0 0 0 0 0 0 0 0 0 0 0 effect 0 0 0,intend
328,339,The government passed a law to increase access to clean water in an effort to improve public health.,passed,improve,0 0 intention 0 0 0 0 0 0 0 0 0 0 0 0 effect 0 0 0,intend
329,340,The government passed a law to increase access to quality childcare in an effort to promote gender equality.,passed,promote,0 0 intention 0 0 0 0 0 0 0 0 0 0 0 0 effect 0 0 0,intend
330,341,The United Nations passed a resolution to increase international cooperation in order to combat terrorism.,passed,combat,0 0 0 intention 0 0 0 0 0 0 0 0 0 effect 0 0,intend
331,342,The government passed a law to increase the availability of affordable housing in an effort to reduce homelessness.,passed,reduce,0 0 intention 0 0 0 0 0 0 0 0 0 0 0 0 0 effect 0 0,intend
332,343,The government passed a law to increase the availability of mental health services in an effort to reduce suicide rates.,passed,reduce,0 0 intention 0 0 0 0 0 0 0 0 0 0 0 0 0 0 effect 0 0 0,intend
333,345,"The government passed a law to increase funding for public transportation, in an effort to reduce traffic congestion and air pollution.",increase,reduce,0 0 0 0 0 0 intention 0 0 0 0 0 0 0 0 effect 0 0 0 0 0 0 0,intend
334,346,"The government passed a law to increase the availability of affordable housing, in an effort to reduce homelessness.",increase,reduce,0 0 0 0 0 0 intention 0 0 0 0 0 0 0 0 0 effect 0 0 0,intend
335,347,"The government passed a law to increase the availability of renewable energy sources, in an effort to reduce dependence on fossil fuels.",increase,reduce,0 0 0 0 0 0 intention 0 0 0 0 0 0 0 0 0 0 effect 0 0 0 0 0 0,intend
336,348,The European Union has proposed a new set of regulations to protect the environment from the effects of industrial pollution.,proposed,protect,0 0 0 0 intention 0 0 0 0 0 0 effect 0 0 0 0 0 0 0 0 0,intend
337,349,The president has declared a state of emergency in response to the recent outbreak of violence in the region.,declared,emergency,0 0 0 intention 0 0 0 effect 0 0 0 0 0 0 0 0 0 0 0 0,intend
338,350,The Senate has passed a bill to increase the minimum wage for workers.,passed,increase,0 0 0 intention 0 0 0 effect 0 0 0 0 0 0,intend
339,351,The House of Representatives has passed a bill to provide tax relief to small businesses.,passed,relief,0 0 0 0 0 intention 0 0 0 0 0 effect 0 0 0 0,intend
340,352,The United Nations has adopted a resolution to end the conflict in the Middle East.,adopted,end,0 0 0 0 intention 0 0 0 effect 0 0 0 0 0 0 0,intend
341,353,The International Monetary Fund has approved a loan package to help stabilize the economy of a developing nation.,approved,stabilize,0 0 0 0 0 intention 0 0 0 0 0 effect 0 0 0 0 0 0 0,intend
342,354,The World Bank has approved a loan to fund a project to improve infrastructure in a developing country.,approved,improve,0 0 0 0 intention 0 0 0 0 0 0 0 effect 0 0 0 0 0 0,intend
343,356,The government passed a law to increase access to financial literacy programs in an effort to reduce consumer debt.,passed,reduce,0 0 intention 0 0 0 0 0 0 0 0 0 0 0 0 0 effect 0 0 0,intend
344,357,The government passed a law to increase access to public libraries in an effort to promote literacy.,passed,promote,0 0 intention 0 0 0 0 0 0 0 0 0 0 0 0 effect 0 0,intend
345,358,The government passed a law to increase access to public parks in an effort to promote physical activity.,passed,promote,0 0 intention 0 0 0 0 0 0 0 0 0 0 0 0 effect 0 0 0,intend
346,359,"The government passed a law to increase the minimum wage, in an effort to reduce poverty and inequality.",passed,reduce,0 0 intention 0 0 0 0 0 0 0 0 0 0 0 effect 0 0 0 0 0,intend
347,363,The government passed a law to protect the rights of workers in an effort to ensure fair wages and working conditions.,passed,ensure,0 0 intention 0 0 0 0 0 0 0 0 0 0 0 0 effect 0 0 0 0 0 0,intend
348,364,The government passed a law to protect the rights of minorities in an effort to promote equality and justice.,passed,promote,0 0 intention 0 0 0 0 0 0 0 0 0 0 0 0 effect 0 0 0 0,intend
349,365,The government passed a law to increase access to financial services and reduce predatory lending practices.,passed,reduce,0 0 intention 0 0 0 0 0 0 0 0 0 effect 0 0 0 0,intend
350,366,The government passed a law to increase access to clean energy and reduce greenhouse gas emissions.,passed,reduce,0 0 intention 0 0 0 0 0 0 0 0 0 effect 0 0 0 0,intend
351,367,The government passed a law to increase access to mental health services and reduce the stigma associated with mental illness.,passed,reduce,0 0 intention 0 0 0 0 0 0 0 0 0 0 effect 0 0 0 0 0 0 0,intend
352,368,"The government is introducing a new law to protect the rights of immigrants, in an effort to promote diversity and inclusion.",Introducing,promote,0 0 0 intention 0 0 0 0 0 0 0 0 0 0 0 0 0 effect 0 0 0 0 0,intend
353,369,"The government is introducing a new law to protect the rights of Indigenous peoples, in an effort to promote cultural understanding and respect.",Introducing,Promote,0 0 0 intention 0 0 0 0 0 0 0 0 0 0 0 0 0 0 effect 0 0 0 0 0 0,intend
354,370,"The United Nations passed a resolution calling for an end to the use of chemical weapons, in an effort to protect civilians from the dangers of chemical warfare.",end,protect,0 0 0 0 0 0 0 0 0 intention 0 0 0 0 0 0 0 0 0 0 effect 0 0 0 0 0 0 0 0 0,intend
355,371,"The United Nations passed a resolution calling for an end to the use of cluster bombs, in an effort to protect civilians from the dangers of unexploded ordnance.",resolution,protect,0 0 0 0 0 intention 0 0 0 0 0 0 0 0 0 0 0 0 0 0 effect 0 0 0 0 0 0 0 0 0,intend
356,372,"The United Nations passed a resolution calling for an end to the use of nuclear weapons, in an effort to protect the world from the dangers of nuclear warfare.",resolution,protect,0 0 0 0 0 intention 0 0 0 0 0 0 0 0 0 0 0 0 0 0 effect 0 0 0 0 0 0 0 0 0 0,intend
357,373,The government introduced a new law to protect the rights of immigrants and refugees in an effort to promote social inclusion.,introduced,promote,0 0 intention 0 0 0 0 0 0 0 0 0 0 0 0 0 0 0 effect 0 0 0,intend
358,374,The government introduced a new law to protect the rights of women and children in an effort to combat gender-based violence.,protect,combat,0 0 0 0 0 0 0 intention 0 0 0 0 0 0 0 0 0 0 effect 0 0 0 0 0,intend
359,375,The government introduced a new law to protect the rights of LGBTQ+ individuals in an effort to promote equality.,protect,promote,0 0 0 0 0 0 0 intention 0 0 0 0 0 0 0 0 0 effect 0 0,intend
360,376,The government introduced a new law to protect the rights of people with disabilities in an effort to ensure access to services and resources.,protect,ensure,0 0 0 0 0 0 0 intention 0 0 0 0 0 0 0 0 0 0 effect 0 0 0 0 0 0,intend
361,377,The government is introducing a new law to protect the rights of workers and ensure fair wages.,introducing,protect,0 0 0 intention 0 0 0 0 effect 0 0 0 0 0 0 0 0 0,intend
362,378,The government is introducing a new policy to reduce carbon emissions and combat climate change.,introducing,reduce,0 0 0 intention 0 0 0 0 effect 0 0 0 0 0 0 0,intend
363,379,The government passed a law to protect the rights of religious minorities and ensure their freedom of worship.,passed,protect,0 0 intention 0 0 0 effect 0 0 0 0 0 0 0 0 0 0 0 0,intend
364,380,The government passed a law to protect the rights of people with disabilities and ensure their access to services.,passed,ensure,0 0 intention 0 0 0 0 0 0 0 0 0 0 0 effect 0 0 0 0 0,intend
365,381,The government passed a law to protect the rights of victims of human trafficking and ensure their access to justice.,passed,access,0 0 intention 0 0 0 0 0 0 0 0 0 0 0 0 0 0 effect 0 0 0,intend
366,382,The government passed a law to increase access to mental health services in an effort to reduce suicide rates.,increase,reduce,0 0 0 0 0 0 intention 0 0 0 0 0 0 0 0 0 effect 0 0 0,intend
367,383,The government passed a law to increase access to job training programs in an effort to reduce unemployment.,increase,reduce,0 0 0 0 0 0 intention 0 0 0 0 0 0 0 0 0 effect 0 0,intend
368,384,The government passed a law to increase access to financial services in an effort to reduce poverty.,increase,reduce,0 0 0 0 0 0 intention 0 0 0 0 0 0 0 0 effect 0 0,intend
369,385,The government passed a law to increase access to legal services in an effort to ensure justice for all.,increase,ensure,0 0 0 0 0 0 intention 0 0 0 0 0 0 0 0 effect 0 0 0 0,intend
370,386,"The government is introducing a new tax to help fund the national health service, in an effort to reduce the burden on taxpayers.",introducing,reduce,0 0 0 intention 0 0 0 0 0 0 0 0 0 0 0 0 0 0 effect 0 0 0 0 0 0,intend
371,387,"The president has proposed a new law to increase the minimum wage, in an effort to reduce poverty and improve living standards.",proposed,reduce,0 0 0 intention 0 0 0 0 0 0 0 0 0 0 0 0 effect 0 0 0 0 0 0 0,intend
372,388,"The government is introducing a new policy to reduce carbon emissions, in an effort to combat climate change and protect the environment.",introducing,combat,0 0 0 intention 0 0 0 0 0 0 0 0 0 0 0 effect 0 0 0 0 0 0 0 0,intend
373,389,"The government is introducing a new law to protect workers' rights, in an effort to ensure fair wages and safe working conditions.",introducing,ensure,0 0 0 intention 0 0 0 0 0 0 0 0 0 0 0 effect 0 0 0 0 0 0 0 0 0,intend
374,390,"The government is introducing a new law to protect consumers, in an effort to ensure fair prices and quality products.",introducing,ensure,0 0 0 intention 0 0 0 0 0 0 0 0 0 0 effect 0 0 0 0 0 0 0,intend
375,391,"The government is introducing a new law to protect the rights of minorities, in an effort to promote equality and social justice.",introducing,promote,0 0 0 intention 0 0 0 0 0 0 0 0 0 0 0 0 0 effect 0 0 0 0 0 0,intend
376,392,The government passed a law to strengthen gun control in an effort to reduce gun violence.,passed,reduce,0 0 intention 0 0 0 0 0 0 0 0 0 0 effect 0 0 0,intend
377,393,The government passed a law to protect the rights of immigrants and refugees in an effort to promote social justice.,passed,promote,0 0 intention 0 0 0 0 0 0 0 0 0 0 0 0 0 0 effect 0 0 0,intend
378,394,The government passed a law to protect the rights of Indigenous peoples in an effort to promote reconciliation.,passed,promote,0 0 intention 0 0 0 0 0 0 0 0 0 0 0 0 0 effect 0 0,intend
379,395,"The government passed a law to increase access to quality education, in an effort to reduce inequality.",passed,reduce,0 0 intention 0 0 0 0 0 0 0 0 0 0 0 0 effect 0 0 0,intend
380,396,"The government passed a law to increase access to clean water, in an effort to improve public health.",passed,improve,0 0 intention 0 0 0 0 0 0 0 0 0 0 0 0 effect 0 0 0 0,intend
381,397,"The government passed a law to increase access to housing, in an effort to reduce homelessness.",passed,reduce,0 0 intention 0 0 0 0 0 0 0 0 0 0 0 effect 0 0 0,intend
382,398,"The government passed a law to increase access to public transportation, in an effort to reduce poverty.",passed,reduce,0 0 intention 0 0 0 0 0 0 0 0 0 0 0 0 effect 0 0 0,intend
383,399,"The government passed a law to increase access to job training, in an effort to reduce unemployment.",passed,reduce,0 0 intention 0 0 0 0 0 0 0 0 0 0 0 0 effect 0 0 0,intend
384,400,"The government passed a law to increase access to childcare, in an effort to promote gender equality.",passed,promote,0 0 intention 0 0 0 0 0 0 0 0 0 0 0 effect 0 0 0 0,intend
385,401,"The government passed a law to increase access to financial services, in an effort to reduce poverty and promote economic development.",passed,promote,0 0 intention 0 0 0 0 0 0 0 0 0 0 0 0 0 0 0 effect 0 0 0 0,intend
386,402,"The government passed a law to increase access to clean energy, in an effort to reduce air pollution and combat climate change.",passed,combat,0 0 intention 0 0 0 0 0 0 0 0 0 0 0 0 0 0 0 0 effect 0 0 0 0,intend
387,403,"The government passed a law to increase access to clean water, in an effort to reduce water pollution and improve public health.",passed,reduce,0 0 intention 0 0 0 0 0 0 0 0 0 0 0 0 effect 0 0 0 0 0 0 0 0,intend
388,404,"The government passed a law to increase access to sanitation services, in an effort to reduce water-borne diseases and improve public health.",passed,reduce,0 0 intention 0 0 0 0 0 0 0 0 0 0 0 0 effect 0 0 0 0 0 0 0 0 0 0,intend
389,405,"The government passed a law to increase access to technology, in an effort to reduce the digital divide and promote economic growth.",passed,reduce,0 0 intention 0 0 0 0 0 0 0 0 0 0 0 effect 0 0 0 0 0 0 0 0 0,intend
390,407,The government passed a law to protect the rights of workers and ensure their access to fair wages and safe working conditions.,passed,ensure,0 0 intention 0 0 0 0 0 0 0 0 0 effect 0 0 0 0 0 0 0 0 0 0,intend
391,408,The government passed a law to protect the rights of consumers and ensure their access to accurate information about products and services.,passed,protect,0 0 intention 0 0 0 effect 0 0 0 0 0 0 0 0 0 0 0 0 0 0 0 0,intend
392,409,The government passed a law to protect the rights of immigrants and ensure their access to basic services.,passed,ensure,0 0 intention 0 0 0 0 0 0 0 0 0 effect 0 0 0 0 0 0,intend
393,410,The government passed a law to protect the rights of indigenous peoples and ensure their access to land and resources.,passed,ensure,0 0 intention 0 0 0 0 0 0 0 0 0 0 effect 0 0 0 0 0 0 0,intend
394,411,The government passed a law to protect the rights of consumers and ensure their access to accurate information about products and services.,passed,ensure,0 0 intention 0 0 0 0 0 0 0 0 0 effect 0 0 0 0 0 0 0 0 0 0,intend
395,412,The government passed a law to protect the rights of the disabled and ensure their access to services.,passed,access,0 0 intention 0 0 0 0 0 0 0 0 0 0 0 0 effect 0 0 0,intend
396,414,The government passed a law to protect the rights of LGBTQ+ individuals and ensure their access to services.,passed,protect,0 0 intention 0 0 0 effect 0 0 0 0 0 0 0 0 0 0 0 0,intend
397,415,The government passed a law to protect the rights of victims of domestic violence and ensure their access to services.,passed,protect,0 0 intention 0 0 0 effect 0 0 0 0 0 0 0 0 0 0 0 0 0 0,intend
398,416,The government passed a law to protect the rights of victims of sexual assault and ensure their access to services.,passed,protect,0 0 intention 0 0 0 effect 0 0 0 0 0 0 0 0 0 0 0 0 0 0,intend
399,417,The government passed a law to protect the rights of victims of hate crimes and ensure their access to services.,passed,protect,0 0 intention 0 0 0 effect 0 0 0 0 0 0 0 0 0 0 0 0 0 0,intend
400,418,The government passed a law to protect the rights of victims of racial discrimination and ensure their access to services.,passed,ensure,0 0 intention 0 0 0 0 0 0 0 0 0 0 0 0 effect 0 0 0 0 0,intend
401,419,The government passed a law to protect the rights of victims of gender-based violence and ensure their access to services.,passed,ensure,0 0 intention 0 0 0 0 0 0 0 0 0 0 0 0 effect 0 0 0 0 0 0 0,intend
402,420,The government passed a law to protect the rights of victims of religious discrimination and ensure their access to services.,passed,access,0 0 intention 0 0 0 0 0 0 0 0 0 0 0 0 0 0 effect 0 0 0,intend
403,421,The government passed a law to protect the rights of victims of age discrimination and ensure their access to services.,passed,ensure,0 0 intention 0 0 0 0 0 0 0 0 0 0 0 0 effect 0 0 0 0 0,intend
404,422,The government passed a law to protect the rights of victims of disability discrimination and ensure their access to services.,passed,protect,0 0 intention 0 0 0 effect 0 0 0 0 0 0 0 0 0 0 0 0 0 0,intend
405,423,The government passed a law to increase access to affordable housing in an effort to reduce poverty.,passed,reduce,0 0 intention 0 0 0 0 0 0 0 0 0 0 0 0 effect 0 0,intend
406,424,The government passed a law to increase access to financial services in an effort to reduce inequality.,passed,reduce,0 0 intention 0 0 0 0 0 0 0 0 0 0 0 0 effect 0 0,intend
407,425,The government passed a law to increase access to mental health services in an effort to reduce crime.,passed,reduce,0 0 intention 0 0 0 0 0 0 0 0 0 0 0 0 0 effect 0 0,intend
408,428,"The government has passed a law to protect the rights of workers, in an effort to ensure fair wages and safe working conditions.",passed,ensure,0 0 0 intention 0 0 0 0 0 0 0 0 0 0 0 0 effect 0 0 0 0 0 0 0 0,intend
409,429,The government has implemented a new policy to provide tax incentives to businesses that create jobs in disadvantaged communities.,implemented,provide,0 0 0 intention 0 0 0 0 effect 0 0 0 0 0 0 0 0 0 0 0,intend
410,430,"The government has passed a law to protect the rights of religious minorities, in an effort to promote tolerance and acceptance.",passed,promote,0 0 0 intention 0 0 0 0 0 0 0 0 0 0 0 0 0 effect 0 0 0 0 0,intend
411,432,The government passed a law to increase the availability of affordable childcare in an effort to support working families.,passed,support,0 0 intention 0 0 0 0 0 0 0 0 0 0 0 0 0 effect 0 0 0,intend
412,433,The government passed a law to increase the availability of job training and employment opportunities in an effort to reduce unemployment.,passed,reduce,0 0 intention 0 0 0 0 0 0 0 0 0 0 0 0 0 0 0 0 effect 0 0,intend
413,434,The government passed a law to increase the availability of financial assistance to small businesses in an effort to promote economic growth.,passed,promote,0 0 intention 0 0 0 0 0 0 0 0 0 0 0 0 0 0 0 0 effect 0 0 0,intend
414,437,"The government is introducing a new law to protect the rights of indigenous peoples, in an effort to promote cultural preservation and respect.",introducing,promote,0 0 0 intention 0 0 0 0 0 0 0 0 0 0 0 0 0 0 effect 0 0 0 0 0 0,intend
415,438,"The government is introducing a new law to protect the rights of women, in an effort to promote gender equality.",introducing,promote,0 0 0 intention 0 0 0 0 0 0 0 0 0 0 0 0 0 effect 0 0 0 0,intend
416,439,"The government is introducing a new law to protect the rights of religious minorities, in an effort to promote religious freedom.",introducing,promote,0 0 0 intention 0 0 0 0 0 0 0 0 0 0 0 0 0 0 effect 0 0 0 0,intend
417,440,"The government is introducing a new law to protect the rights of children, in an effort to ensure their safety and well-being.",introducing,ensure,0 0 0 intention 0 0 0 0 0 0 0 0 0 0 0 0 0 effect 0 0 0 0 0 0 0 0,intend
418,441,His move was aimed at increasing public awareness of the need for political reform.,move,increasing,0 intention 0 0 0 effect 0 0 0 0 0 0 0 0 0,intend
419,443,The government passed a law to increase access to financial services and reduce the cost of borrowing.,passed,reduce,0 0 intention 0 0 0 0 0 0 0 0 0 effect 0 0 0 0 0,intend
420,444,The government passed a law to increase access to technology and reduce the digital divide.,passed,reduce,0 0 intention 0 0 0 0 0 0 0 0 effect 0 0 0 0,intend
421,445,The United States passed a law to increase funding for renewable energy sources in an effort to reduce greenhouse gas emissions.,passed,reduce,0 0 0 intention 0 0 0 0 0 0 0 0 0 0 0 0 0 effect 0 0 0 0,intend
422,446,The United Nations passed a resolution to promote the rights of children and ensure their access to basic services.,passed,ensure,0 0 0 intention 0 0 0 0 0 0 0 0 0 effect 0 0 0 0 0 0,intend
423,447,The United Nations passed a resolution to promote the rights of workers and ensure their access to fair wages and safe working conditions.,passed,promote,0 0 0 intention 0 0 0 effect 0 0 0 0 0 0 0 0 0 0 0 0 0 0 0 0,intend
424,448,The United Nations passed a resolution to promote the rights of people with disabilities and ensure their access to employment opportunities.,passed,promote,0 0 0 intention 0 0 0 effect 0 0 0 0 0 0 0 0 0 0 0 0 0 0,intend
425,449,"The government passed a law to increase access to clean energy sources, in an effort to reduce air pollution.",passed,reduce,0 0 intention 0 0 0 0 0 0 0 0 0 0 0 0 0 effect 0 0 0 0,intend
426,450,"The government passed a law to increase access to healthcare, in an effort to improve public health.",passed,improve,0 0 intention 0 0 0 0 0 0 0 0 0 0 0 effect 0 0 0 0,intend
427,451,"The government passed a law to increase access to renewable energy sources, in an effort to reduce carbon emissions.",passed,reduce,0 0 intention 0 0 0 0 0 0 0 0 0 0 0 0 0 effect 0 0 0 0,intend
428,452,"The government passed a law to increase access to financial services, in an effort to reduce inequality.",passed,reduce,0 0 intention 0 0 0 0 0 0 0 0 0 0 0 0 effect 0 0 0,intend
429,453,"The government passed a law to increase access to childcare, in an effort to reduce the burden on working families.",passed,reduce,0 0 intention 0 0 0 0 0 0 0 0 0 0 0 effect 0 0 0 0 0 0 0,intend
430,454,"The government passed a law to increase access to mental health services, in an effort to reduce the stigma associated with mental illness.",passed,reduce,0 0 intention 0 0 0 0 0 0 0 0 0 0 0 0 0 effect 0 0 0 0 0 0 0 0,intend
431,456,The government passed a law to increase access to educational opportunities in an effort to reduce inequality.,passed,reduce,0 0 intention 0 0 0 0 0 0 0 0 0 0 0 0 effect 0 0,intend
432,457,The government passed a law to increase access to healthcare services in an effort to reduce health disparities.,passed,reduce,0 0 intention 0 0 0 0 0 0 0 0 0 0 0 0 effect 0 0 0,intend
433,458,"The government passed a law to increase access to education, in an effort to reduce inequality and promote social mobility.",passed,promote,0 0 intention 0 0 0 0 0 0 0 0 0 0 0 0 0 0 effect 0 0 0 0,intend
434,459,"The government passed a law to increase access to affordable housing, in an effort to reduce homelessness and poverty.",passed,reduce,0 0 intention 0 0 0 0 0 0 0 0 0 0 0 0 effect 0 0 0 0 0,intend
435,460,"The government passed a law to increase access to public transportation, in an effort to reduce traffic congestion and air pollution.",passed,reduce,0 0 intention 0 0 0 0 0 0 0 0 0 0 0 0 effect 0 0 0 0 0 0 0,intend
436,461,"The government passed a law to increase access to clean energy sources, in an effort to reduce greenhouse gas emissions.",passed,reduce,0 0 intention 0 0 0 0 0 0 0 0 0 0 0 0 0 effect 0 0 0 0 0,intend
437,462,"The government passed a law to increase access to financial services, in an effort to reduce inequality and promote economic growth.",passed,reduce,0 0 intention 0 0 0 0 0 0 0 0 0 0 0 0 effect 0 0 0 0 0 0 0,intend
438,463,"The government passed a law to protect the rights of workers, in an effort to ensure fair wages and working conditions.",passed,ensure,0 0 intention 0 0 0 0 0 0 0 0 0 0 0 0 effect 0 0 0 0 0 0 0,intend
439,464,"The government passed a law to protect the rights of consumers, in an effort to ensure safe and fair access to goods and services.",passed,ensure,0 0 intention 0 0 0 0 0 0 0 0 0 0 0 0 effect 0 0 0 0 0 0 0 0 0 0,intend
440,465,"The government passed a law to increase funding for research and development, in an effort to promote innovation.",passed,promote,0 0 intention 0 0 0 0 0 0 0 0 0 0 0 0 0 effect 0 0 0,intend
441,466,"The government has passed a law to increase access to education, in an effort to reduce inequality and promote social mobility.",passed,promote,0 0 0 intention 0 0 0 0 0 0 0 0 0 0 0 0 0 0 effect 0 0 0 0,intend
442,467,"The government has passed a law to increase access to clean air, in an effort to reduce air pollution and improve public health.",passed,reduce,0 0 0 intention 0 0 0 0 0 0 0 0 0 0 0 0 effect 0 0 0 0 0 0 0 0,intend
443,468,"The government has passed a law to increase access to financial services, in an effort to reduce poverty and promote economic growth.",passed,promote,0 0 0 intention 0 0 0 0 0 0 0 0 0 0 0 0 0 0 0 effect 0 0 0 0,intend
444,469,"The government has passed a law to increase access to childcare, in an effort to reduce the burden on working families and promote gender equality.",passed,reduce,0 0 0 intention 0 0 0 0 0 0 0 0 0 0 0 effect 0 0 0 0 0 0 0 0 0 0 0,intend
445,470,"The government has passed a law to increase access to job training, in an effort to reduce unemployment and promote economic growth.",passed,promote,0 0 0 intention 0 0 0 0 0 0 0 0 0 0 0 0 0 0 0 effect 0 0 0 0,intend
446,471,"The government has passed a law to increase access to mental health services, in an effort to reduce the stigma associated with mental illness and promote public health.",passed,reduce,0 0 0 intention 0 0 0 0 0 0 0 0 0 0 0 0 0 effect 0 0 0 0 0 0 0 0 0 0 0 0,intend
447,472,The government has passed a law to protect the rights of immigrants and ensure their safe passage.,passed,protect,0 0 0 intention 0 0 0 effect 0 0 0 0 0 0 0 0 0 0,intend
448,473,"The government has passed a law to increase access to affordable housing, in an effort to reduce homelessness and promote economic stability.",passed,reduce,0 0 0 intention 0 0 0 0 0 0 0 0 0 0 0 0 effect 0 0 0 0 0 0 0,intend
449,474,"The government has passed a law to increase access to financial services, in an effort to reduce poverty.",passed,reduce,0 0 0 intention 0 0 0 0 0 0 0 0 0 0 0 0 effect 0 0 0,intend
450,475,"The government has passed a law to increase access to childcare services, in an effort to promote gender equality.",passed,promote,0 0 0 intention 0 0 0 0 0 0 0 0 0 0 0 0 effect 0 0 0 0,intend
451,476,"The government has passed a law to increase access to public transportation, in an effort to reduce traffic congestion.",passed,reduce,0 0 0 intention 0 0 0 0 0 0 0 0 0 0 0 0 effect 0 0 0 0,intend
452,477,"The government has passed a law to increase access to affordable housing, in an effort to reduce homelessness.",passed,reduce,0 0 0 intention 0 0 0 0 0 0 0 0 0 0 0 0 effect 0 0 0,intend
453,479,The government passed a law to increase access to housing in an effort to reduce homelessness.,increase,reduce,0 0 0 0 0 0 intention 0 0 0 0 0 0 0 effect 0 0,intend
454,480,The government passed a law to increase access to clean energy in an effort to reduce air pollution.,increase,reduce,0 0 0 0 0 0 intention 0 0 0 0 0 0 0 0 effect 0 0 0,intend
455,481,The government passed a law to increase access to financial services in an effort to reduce inequality.,increase,reduce,0 0 0 0 0 0 intention 0 0 0 0 0 0 0 0 effect 0 0,intend
456,482,"The government has passed a new law to increase the minimum wage, in an effort to reduce poverty and improve the standard of living for low-income workers.",passed,improve,0 0 0 intention 0 0 0 0 0 0 0 0 0 0 0 0 0 0 0 effect 0 0 0 0 0 0 0 0 0 0 0,intend
457,483,"The government has implemented a new policy to provide tax incentives to businesses that invest in research and development, in an effort to promote innovation and economic growth.",implemented,promote,0 0 0 intention 0 0 0 0 0 0 0 0 0 0 0 0 0 0 0 0 0 0 0 effect 0 0 0 0 0 0,intend
458,484,"The government has introduced a new program to provide job training and education services to those who are unemployed, in an effort to reduce long-term unemployment.",introduced,reduce,0 0 0 intention 0 0 0 0 0 0 0 0 0 0 0 0 0 0 0 0 0 0 0 effect 0 0 0 0 0 0,intend
459,485,"The government has passed a new law to increase the availability of affordable housing, in an effort to reduce homelessness.",passed,reduce,0 0 0 intention 0 0 0 0 0 0 0 0 0 0 0 0 0 0 effect 0 0 0,intend
460,486,The government implemented a new policy to promote gender equality.,implemented,promote,0 0 intention 0 0 0 0 effect 0 0 0,intend
461,487,The government passed a law to protect the rights of immigrants.,passed,protect,0 0 intention 0 0 0 effect 0 0 0 0 0,intend
462,488,The government launched a campaign to reduce the number of homeless people.,launched,reduce,0 0 intention 0 0 0 effect 0 0 0 0 0 0,intend
463,489,The government implemented a new policy to promote job training and education.,implemented,promote,0 0 intention 0 0 0 0 effect 0 0 0 0 0,intend
464,490,The government passed a law to protect the environment from pollution.,passed,protect,0 0 intention 0 0 0 effect 0 0 0 0 0,intend
465,491,The government launched a campaign to promote sustainable development.,launched,promote,0 0 intention 0 0 0 effect 0 0 0,intend
466,492,The government implemented a new policy to reduce the cost of living.,implemented,reduce,0 0 intention 0 0 0 0 effect 0 0 0 0 0,intend
467,493,The government passed a law to protect the rights of indigenous peoples.,passed,protect,0 0 intention 0 0 0 effect 0 0 0 0 0 0,intend
468,494,The government launched a campaign to promote financial literacy.,launched,promote,0 0 intention 0 0 0 effect 0 0 0,intend
469,495,The government implemented a new policy to promote economic diversification.,implemented,promote,0 0 intention 0 0 0 0 effect 0 0 0,intend
470,496,The government passed a law to protect the rights of workers.,passed,protect,0 0 intention 0 0 0 effect 0 0 0 0 0,intend
471,497,The government launched a campaign to reduce corruption in government.,launched,reduce,0 0 intention 0 0 0 effect 0 0 0 0,intend
472,498,The government implemented a new policy to promote public-private partnerships.,implemented,promote,0 0 intention 0 0 0 0 effect 0 0 0 0 0,intend
473,499,The government passed a law to protect the rights of consumers.,passed,protect,0 0 intention 0 0 0 effect 0 0 0 0 0,intend
474,500,The government launched a campaign to promote responsible business practices.,launched,promote,0 0 intention 0 0 0 effect 0 0 0 0,intend
475,501,The government implemented a new policy to promote economic inclusion.,implemented,promote,0 0 intention 0 0 0 0 effect 0 0 0,intend
476,503,"The government has passed a law to increase access to financial services, in an effort to reduce economic inequality.",passed,reduce,0 0 0 intention 0 0 0 0 0 0 0 0 0 0 0 0 effect 0 0 0 0,intend
477,505,The government passed a law to increase access to clean water in an effort to protect the environment.,passed,protect,0 0 intention 0 0 0 0 0 0 0 0 0 0 0 0 effect 0 0 0,intend
